Timestamp_UTC,Actual,Forecast,Residual_Load
2023-11-02 00:00:00+00:00,11.44,11.056858,4747.82
2023-11-02 01:00:00+00:00,9.14,4.9596505,4101.459999999999
2023-11-02 02:00:00+00:00,6.67,-4.490209,3687.7833333333338
2023-11-02 03:00:00+00:00,7.0,-9.79805,3733.8899999999994
2023-11-02 04:00:00+00:00,7.86,4.297074,4415.387500000001
2023-11-02 05:00:00+00:00,38.8,47.299206,5628.02
2023-11-02 06:00:00+00:00,74.79,50.08023,6513.7775
2023-11-02 07:00:00+00:00,102.32,56.429955,6525.65
2023-11-02 08:00:00+00:00,77.39,47.86225,5418.030000000001
2023-11-02 09:00:00+00:00,60.9,32.91924,4627.905000000001
2023-11-02 10:00:00+00:00,63.2,29.386955,3720.4725
2023-11-02 11:00:00+00:00,63.7,20.660524,3588.379999999999
2023-11-02 12:00:00+00:00,64.3,19.651794,3116.6124999999993
2023-11-02 13:00:00+00:00,85.95,6.763461,2234.1749999999993
2023-11-02 14:00:00+00:00,124.0,19.08837,3315.3325000000004
2023-11-02 15:00:00+00:00,129.89,42.854805,5284.0625
2023-11-02 16:00:00+00:00,141.39,68.86587,6956.7474999999995
2023-11-02 17:00:00+00:00,144.0,68.4004,7211.6075
2023-11-02 18:00:00+00:00,99.89,66.03134,6717.370833333333
2023-11-02 19:00:00+00:00,87.83,40.38595,6198.200000000001
2023-11-02 20:00:00+00:00,75.99,36.07465,5376.16
2023-11-02 21:00:00+00:00,72.27,5.0315523,4596.786666666668
2023-11-02 22:00:00+00:00,57.04,-0.62307495,3975.4025
2023-11-02 23:00:00+00:00,15.17,-5.986635,2759.352500000001
2023-11-03 00:00:00+00:00,11.47,-7.856316,2603.2700000000004
2023-11-03 01:00:00+00:00,10.0,-9.336017,2575.7999999999993
2023-11-03 02:00:00+00:00,5.73,-10.122797,2730.1849999999995
2023-11-03 03:00:00+00:00,9.73,-10.137157,3177.4575000000004
2023-11-03 04:00:00+00:00,23.6,3.3509717,4130.780000000001
2023-11-03 05:00:00+00:00,61.64,50.570305,5763.035
2023-11-03 06:00:00+00:00,90.28,50.275894,6882.32
2023-11-03 07:00:00+00:00,95.05,75.44503,6782.284166666667
2023-11-03 08:00:00+00:00,89.59,62.1828,7227.866666666668
2023-11-03 09:00:00+00:00,82.9,55.312515,6772.762500000001
2023-11-03 10:00:00+00:00,74.7,54.7578,6214.637500000001
2023-11-03 11:00:00+00:00,61.81,37.41537,5977.407499999999
2023-11-03 12:00:00+00:00,60.85,21.419268,5634.283333333335
2023-11-03 13:00:00+00:00,64.89,17.274904,5293.990000000002
2023-11-03 14:00:00+00:00,69.89,45.995434,5645.465
2023-11-03 15:00:00+00:00,82.7,58.986774,6427.9175
2023-11-03 16:00:00+00:00,110.1,71.3479,6811.7575
2023-11-03 17:00:00+00:00,107.8,68.19951,6532.4275
2023-11-03 18:00:00+00:00,91.5,48.366005,5990.370000000001
2023-11-03 19:00:00+00:00,70.5,17.9857,5640.188333333333
2023-11-03 20:00:00+00:00,54.89,18.252169,5280.5525
2023-11-03 21:00:00+00:00,45.53,1.5201504,4764.915000000001
2023-11-03 22:00:00+00:00,30.0,5.0372963,4658.8099999999995
2023-11-03 23:00:00+00:00,45.72,24.7455,4433.424999999999
2023-11-04 00:00:00+00:00,32.06,5.0191894,4242.307500000001
2023-11-04 01:00:00+00:00,30.0,4.749315,4203.145
2023-11-04 02:00:00+00:00,22.01,14.623132,4384.870000000001
2023-11-04 03:00:00+00:00,19.19,16.130114,4509.549999999999
2023-11-04 04:00:00+00:00,15.4,12.742429,4608.452499999999
2023-11-04 05:00:00+00:00,16.13,16.966547,5092.8475
2023-11-04 06:00:00+00:00,25.08,36.251293,6737.8775000000005
2023-11-04 07:00:00+00:00,25.85,41.226612,6403.280000000001
2023-11-04 08:00:00+00:00,20.0,33.385487,4740.66
2023-11-04 09:00:00+00:00,13.95,35.047203,3820.540000000001
2023-11-04 10:00:00+00:00,15.2,32.69757,3692.76
2023-11-04 11:00:00+00:00,20.0,32.791946,2983.8675000000003
2023-11-04 12:00:00+00:00,21.14,24.787556,3156.916666666667
2023-11-04 13:00:00+00:00,30.79,35.60076,3939.3449999999993
2023-11-04 14:00:00+00:00,42.69,37.73345,4906.879999999999
2023-11-04 15:00:00+00:00,40.0,55.615402,5837.5375
2023-11-04 16:00:00+00:00,59.0,66.72344,6415.105
2023-11-04 17:00:00+00:00,57.81,56.46513,6549.621666666667
2023-11-04 18:00:00+00:00,53.3,53.221962,6291.5525
2023-11-04 19:00:00+00:00,50.0,51.751823,5820.959999999999
2023-11-04 20:00:00+00:00,34.09,37.72533,5305.4475
2023-11-04 21:00:00+00:00,11.73,25.666513,4516.265833333334
2023-11-04 22:00:00+00:00,7.05,38.662155,5444.3125
2023-11-04 23:00:00+00:00,8.71,14.256237,4157.344999999999
2023-11-05 00:00:00+00:00,6.59,-12.346367,4223.7425
2023-11-05 01:00:00+00:00,5.18,-5.7448835,4584.0599999999995
2023-11-05 02:00:00+00:00,2.98,8.664029,5259.290000000001
2023-11-05 03:00:00+00:00,4.24,19.96109,5865.227500000001
2023-11-05 04:00:00+00:00,7.99,23.130215,6323.2075
2023-11-05 05:00:00+00:00,16.49,34.11749,7050.6325
2023-11-05 06:00:00+00:00,55.1,34.64533,7793.839166666667
2023-11-05 07:00:00+00:00,60.0,39.840775,7648.7125
2023-11-05 08:00:00+00:00,51.47,40.417015,6517.254999999999
2023-11-05 09:00:00+00:00,42.83,35.097725,5134.672500000001
2023-11-05 10:00:00+00:00,43.45,29.420954,4152.1900000000005
2023-11-05 11:00:00+00:00,39.88,27.176228,3429.1550000000007
2023-11-05 12:00:00+00:00,26.39,32.03092,2768.6499999999996
2023-11-05 13:00:00+00:00,33.37,23.312317,2527.285
2023-11-05 14:00:00+00:00,51.29,26.808592,3195.795
2023-11-05 15:00:00+00:00,63.09,32.803757,4766.879999999999
2023-11-05 16:00:00+00:00,74.91,60.98916,6184.7775
2023-11-05 17:00:00+00:00,72.71,50.436134,6262.8925
2023-11-05 18:00:00+00:00,59.21,37.010265,5799.889999999999
2023-11-05 19:00:00+00:00,50.1,26.933565,5463.469999999999
2023-11-05 20:00:00+00:00,51.55,23.607748,5150.7675
2023-11-05 21:00:00+00:00,50.1,32.960217,4911.6525
2023-11-05 22:00:00+00:00,45.89,7.6959233,3951.5499999999993
2023-11-05 23:00:00+00:00,47.24,8.556539,4140.905000000001
2023-11-06 00:00:00+00:00,31.89,22.536358,3963.3775000000005
2023-11-06 01:00:00+00:00,16.75,7.3245683,3837.708333333333
2023-11-06 02:00:00+00:00,6.78,4.267918,3881.3408333333327
2023-11-06 03:00:00+00:00,4.3,4.875362,4177.9175
2023-11-06 04:00:00+00:00,16.93,23.157127,4861.365
2023-11-06 05:00:00+00:00,72.75,63.165363,6145.0825
2023-11-06 06:00:00+00:00,96.21,65.52365,7012.719999999999
2023-11-06 07:00:00+00:00,104.47,76.59518,6781.859166666665
2023-11-06 08:00:00+00:00,86.0,54.30445,5381.139999999999
2023-11-06 09:00:00+00:00,63.99,46.491768,3605.8983333333344
2023-11-06 10:00:00+00:00,60.15,42.842472,3393.5825000000004
2023-11-06 11:00:00+00:00,58.05,18.73152,3002.8866666666654
2023-11-06 12:00:00+00:00,66.98,48.062733,3146.6749999999993
2023-11-06 13:00:00+00:00,80.34,58.699623,3701.8875000000007
2023-11-06 14:00:00+00:00,100.0,66.84741,5792.1075
2023-11-06 15:00:00+00:00,112.46,111.101166,10519.787499999999
2023-11-06 16:00:00+00:00,138.0,124.364105,9808.1275
2023-11-06 17:00:00+00:00,151.19,108.65904,9593.84
2023-11-06 18:00:00+00:00,139.77,101.790825,9081.1725
2023-11-06 19:00:00+00:00,111.49,72.31153,8461.8025
2023-11-06 20:00:00+00:00,105.92,67.31362,7754.77
2023-11-06 21:00:00+00:00,99.27,68.406944,6810.969999999999
2023-11-06 22:00:00+00:00,92.0,54.789898,6285.889999999999
2023-11-06 23:00:00+00:00,92.07,29.125278,5252.9725
2023-11-07 00:00:00+00:00,76.38,3.4240885,4978.8325
2023-11-07 01:00:00+00:00,71.18,11.844527,5093.532499999999
2023-11-07 02:00:00+00:00,68.01,13.220107,5357.02
2023-11-07 03:00:00+00:00,70.25,21.514553,5645.9
2023-11-07 04:00:00+00:00,83.41,40.518925,6598.942499999999
2023-11-07 05:00:00+00:00,101.49,49.745136,8154.057500000001
2023-11-07 06:00:00+00:00,132.93,82.404144,9287.0525
2023-11-07 07:00:00+00:00,136.45,104.01389,9792.250833333334
2023-11-07 08:00:00+00:00,127.0,101.1335,8462.3175
2023-11-07 09:00:00+00:00,99.55,71.90109,6243.5725
2023-11-07 10:00:00+00:00,89.03,59.429817,4769.772499999999
2023-11-07 11:00:00+00:00,86.21,44.39648,4415.7225
2023-11-07 12:00:00+00:00,88.79,39.67648,3879.843333333334
2023-11-07 13:00:00+00:00,97.9,42.12049,3719.6800000000003
2023-11-07 14:00:00+00:00,108.4,59.71177,4981.674999999999
2023-11-07 15:00:00+00:00,113.24,64.98148,7125.9925
2023-11-07 16:00:00+00:00,137.18,104.29014,9411.595
2023-11-07 17:00:00+00:00,149.7,97.89736,9534.455
2023-11-07 18:00:00+00:00,132.8,75.19642,9030.91
2023-11-07 19:00:00+00:00,105.1,62.494434,8390.525
2023-11-07 20:00:00+00:00,92.98,60.11154,7765.327499999999
2023-11-07 21:00:00+00:00,99.59,49.775696,7181.760833333334
2023-11-07 22:00:00+00:00,98.46,54.178032,6363.987499999999
2023-11-07 23:00:00+00:00,94.0,52.79928,5754.261666666666
2023-11-08 00:00:00+00:00,86.56,25.869995,5389.782499999999
2023-11-08 01:00:00+00:00,70.95,18.484943,5186.7525000000005
2023-11-08 02:00:00+00:00,64.47,17.928192,5083.4825
2023-11-08 03:00:00+00:00,66.76,19.44606,5131.959999999999
2023-11-08 04:00:00+00:00,75.01,38.932304,5610.0725
2023-11-08 05:00:00+00:00,84.61,59.241055,6810.307500000001
2023-11-08 06:00:00+00:00,107.68,59.346382,7799.3925
2023-11-08 07:00:00+00:00,111.47,68.65673,7572.8808333333345
2023-11-08 08:00:00+00:00,93.73,55.221573,5955.120000000001
2023-11-08 09:00:00+00:00,85.1,44.323826,3705.0324999999993
2023-11-08 10:00:00+00:00,78.85,36.46329,4048.9575000000004
2023-11-08 11:00:00+00:00,76.0,21.658913,1634.5324999999993
2023-11-08 12:00:00+00:00,76.28,34.092846,2079.0125000000007
2023-11-08 13:00:00+00:00,83.23,44.11435,3501.2350000000006
2023-11-08 14:00:00+00:00,104.7,31.034056,4458.715
2023-11-08 15:00:00+00:00,113.54,33.14792,5608.764999999999
2023-11-08 16:00:00+00:00,119.14,65.37896,6501.965
2023-11-08 17:00:00+00:00,127.14,45.12485,6240.3675
2023-11-08 18:00:00+00:00,121.0,27.617167,5716.535
2023-11-08 19:00:00+00:00,109.9,22.42998,5452.530000000001
2023-11-08 20:00:00+00:00,107.0,-1.1082449,5178.365
2023-11-08 21:00:00+00:00,104.0,3.5582836,4995.032499999999
2023-11-08 22:00:00+00:00,101.65,21.66914,4887.674999999999
2023-11-08 23:00:00+00:00,89.2,36.0821,5831.897499999999
2023-11-09 00:00:00+00:00,99.03,40.661304,6534.5525
2023-11-09 01:00:00+00:00,93.01,46.344906,6774.889999999999
2023-11-09 02:00:00+00:00,90.0,44.94293,7181.1625
2023-11-09 03:00:00+00:00,91.19,51.127014,7760.200000000001
2023-11-09 04:00:00+00:00,88.3,45.029293,8526.0725
2023-11-09 05:00:00+00:00,109.61,65.55579,9967.055
2023-11-09 06:00:00+00:00,120.06,83.29557,11251.1875
2023-11-09 07:00:00+00:00,139.97,96.345406,11166.306666666667
2023-11-09 08:00:00+00:00,130.0,73.15031,9466.1825
2023-11-09 09:00:00+00:00,100.08,68.17297,7823.6175
2023-11-09 10:00:00+00:00,95.0,77.34969,7191.66
2023-11-09 11:00:00+00:00,90.16,76.48232,6698.325000000001
2023-11-09 12:00:00+00:00,92.32,77.47261,6796.110000000001
2023-11-09 13:00:00+00:00,100.61,73.54428,6908.2125
2023-11-09 14:00:00+00:00,116.18,80.64808,7682.3724999999995
2023-11-09 15:00:00+00:00,120.25,82.46186,9053.4425
2023-11-09 16:00:00+00:00,131.88,102.69886,10047.775
2023-11-09 17:00:00+00:00,128.6,87.232956,9350.5
2023-11-09 18:00:00+00:00,112.14,53.2876,8530.1175
2023-11-09 19:00:00+00:00,100.0,64.17421,8047.0625
2023-11-09 20:00:00+00:00,88.0,60.50414,7556.827499999999
2023-11-09 21:00:00+00:00,84.04,59.27982,6958.637500000001
2023-11-09 22:00:00+00:00,74.36,53.861576,6364.8925
2023-11-09 23:00:00+00:00,64.08,42.72561,7653.99
2023-11-10 00:00:00+00:00,59.73,51.95862,5952.827499999999
2023-11-10 01:00:00+00:00,53.74,55.54805,6161.5725
2023-11-10 02:00:00+00:00,48.36,55.3462,6430.6900000000005
2023-11-10 03:00:00+00:00,50.0,60.490883,6969.2225
2023-11-10 04:00:00+00:00,66.98,54.45576,7952.995000000001
2023-11-10 05:00:00+00:00,84.25,69.928276,9325.2825
2023-11-10 06:00:00+00:00,106.73,95.986824,10775.1925
2023-11-10 07:00:00+00:00,113.0,118.255615,11198.471666666666
2023-11-10 08:00:00+00:00,116.37,106.59834,11567.505
2023-11-10 09:00:00+00:00,105.8,82.73273,10468.41
2023-11-10 10:00:00+00:00,98.0,89.48405,9886.69
2023-11-10 11:00:00+00:00,91.8,86.70705,9621.555
2023-11-10 12:00:00+00:00,100.0,83.88625,9211.3625
2023-11-10 13:00:00+00:00,96.24,90.68264,9119.4225
2023-11-10 14:00:00+00:00,110.67,102.26844,9990.4275
2023-11-10 15:00:00+00:00,121.07,106.35002,11399.3475
2023-11-10 16:00:00+00:00,135.15,123.031815,12599.6825
2023-11-10 17:00:00+00:00,135.1,123.12593,12376.0125
2023-11-10 18:00:00+00:00,123.58,101.61713,11783.8125
2023-11-10 19:00:00+00:00,112.93,91.328415,11294.925
2023-11-10 20:00:00+00:00,105.1,79.50167,10754.124166666666
2023-11-10 21:00:00+00:00,103.97,76.92789,10384.3975
2023-11-10 22:00:00+00:00,93.2,74.487305,9980.3675
2023-11-10 23:00:00+00:00,87.3,81.40573,9307.835
2023-11-11 00:00:00+00:00,85.89,71.035645,9023.5075
2023-11-11 01:00:00+00:00,85.88,66.94505,8734.4225
2023-11-11 02:00:00+00:00,83.21,64.121155,8516.0725
2023-11-11 03:00:00+00:00,82.71,71.081566,8935.97
2023-11-11 04:00:00+00:00,85.44,70.56093,8840.815
2023-11-11 05:00:00+00:00,86.3,71.83314,9302.955
2023-11-11 06:00:00+00:00,88.0,74.544975,11087.0125
2023-11-11 07:00:00+00:00,92.0,81.47886,10968.083333333334
2023-11-11 08:00:00+00:00,94.89,87.125015,9617.199166666665
2023-11-11 09:00:00+00:00,91.28,84.835144,8552.385833333334
2023-11-11 10:00:00+00:00,90.22,84.12267,7889.0875
2023-11-11 11:00:00+00:00,87.94,75.774284,7609.860000000001
2023-11-11 12:00:00+00:00,87.8,86.95779,7445.625
2023-11-11 13:00:00+00:00,91.5,90.509285,7051.5650000000005
2023-11-11 14:00:00+00:00,102.87,91.65995,8311.655
2023-11-11 15:00:00+00:00,115.74,87.89551,10420.2325
2023-11-11 16:00:00+00:00,127.98,116.60264,12239.061666666666
2023-11-11 17:00:00+00:00,135.76,116.263054,12350.815
2023-11-11 18:00:00+00:00,124.47,101.63092,12023.495
2023-11-11 19:00:00+00:00,113.51,92.0557,11511.7925
2023-11-11 20:00:00+00:00,102.58,85.99739,11025.2325
2023-11-11 21:00:00+00:00,92.38,80.307686,10716.16
2023-11-11 22:00:00+00:00,87.41,71.27781,10364.175
2023-11-11 23:00:00+00:00,89.58,76.74867,9592.6125
2023-11-12 00:00:00+00:00,85.36,79.03007,9236.1825
2023-11-12 01:00:00+00:00,85.37,77.923325,9053.385
2023-11-12 02:00:00+00:00,84.4,77.5948,8892.0675
2023-11-12 03:00:00+00:00,86.76,68.3892,8695.3675
2023-11-12 04:00:00+00:00,88.32,68.96417,8611.725
2023-11-12 05:00:00+00:00,87.25,70.22734,8605.825
2023-11-12 06:00:00+00:00,87.28,73.515854,8649.6775
2023-11-12 07:00:00+00:00,88.04,78.25347,8758.945
2023-11-12 08:00:00+00:00,89.75,80.93421,7706.735000000001
2023-11-12 09:00:00+00:00,88.66,77.23419,6093.4725
2023-11-12 10:00:00+00:00,86.62,76.68734,5332.503333333333
2023-11-12 11:00:00+00:00,88.09,69.41608,5004.496666666667
2023-11-12 12:00:00+00:00,90.0,72.77615,5337.657499999999
2023-11-12 13:00:00+00:00,94.97,86.42653,6316.282499999999
2023-11-12 14:00:00+00:00,110.38,92.29966,7349.616666666667
2023-11-12 15:00:00+00:00,122.51,91.969284,9133.5075
2023-11-12 16:00:00+00:00,141.96,120.40374,10824.9975
2023-11-12 17:00:00+00:00,130.49,126.4968,11024.7575
2023-11-12 18:00:00+00:00,126.0,102.33757,10834.785
2023-11-12 19:00:00+00:00,116.8,93.44762,10550.975
2023-11-12 20:00:00+00:00,107.33,90.06882,10108.97
2023-11-12 21:00:00+00:00,100.14,87.778275,9704.5925
2023-11-12 22:00:00+00:00,88.02,84.49172,9696.7725
2023-11-12 23:00:00+00:00,91.26,78.7694,8807.105
2023-11-13 00:00:00+00:00,86.82,79.810265,8516.0925
2023-11-13 01:00:00+00:00,87.0,81.622734,8197.7025
2023-11-13 02:00:00+00:00,87.25,83.01353,8106.1175
2023-11-13 03:00:00+00:00,85.28,81.55721,8219.475
2023-11-13 04:00:00+00:00,88.56,86.75429,8793.8825
2023-11-13 05:00:00+00:00,112.2,87.325745,9725.6125
2023-11-13 06:00:00+00:00,134.21,92.60153,10708.8675
2023-11-13 07:00:00+00:00,145.0,104.93576,11087.511666666665
2023-11-13 08:00:00+00:00,125.9,100.46652,10580.045
2023-11-13 09:00:00+00:00,118.86,87.44623,9564.1375
2023-11-13 10:00:00+00:00,116.67,83.44944,8904.7725
2023-11-13 11:00:00+00:00,108.5,80.78059,8541.915
2023-11-13 12:00:00+00:00,101.61,85.80704,9381.2175
2023-11-13 13:00:00+00:00,88.25,82.45747,9457.745
2023-11-13 14:00:00+00:00,80.13,93.25633,9968.32
2023-11-13 15:00:00+00:00,78.67,105.34763,10858.115
2023-11-13 16:00:00+00:00,91.33,127.99359,11527.505
2023-11-13 17:00:00+00:00,96.0,117.12425,11100.96
2023-11-13 18:00:00+00:00,87.6,89.51516,10289.37
2023-11-13 19:00:00+00:00,76.8,76.148865,9409.966666666667
2023-11-13 20:00:00+00:00,61.99,61.446438,8675.595
2023-11-13 21:00:00+00:00,61.48,52.241005,7950.8775000000005
2023-11-13 22:00:00+00:00,30.01,55.457714,6609.9375
2023-11-13 23:00:00+00:00,10.6,86.53649,10932.14
2023-11-14 00:00:00+00:00,1.48,89.4263,10529.6175
2023-11-14 01:00:00+00:00,0.29,83.194595,10401.0625
2023-11-14 02:00:00+00:00,0.08,87.75076,10327.7775
2023-11-14 03:00:00+00:00,0.32,86.140594,10307.835
2023-11-14 04:00:00+00:00,1.82,87.5959,10864.7525
2023-11-14 05:00:00+00:00,47.63,116.76505,12010.28
2023-11-14 06:00:00+00:00,80.03,118.47149,13413.5725
2023-11-14 07:00:00+00:00,96.31,140.90807,13920.99
2023-11-14 08:00:00+00:00,86.46,129.06853,13477.3075
2023-11-14 09:00:00+00:00,74.8,113.31494,12687.2775
2023-11-14 10:00:00+00:00,72.82,110.155,12667.955
2023-11-14 11:00:00+00:00,75.08,105.36835,12116.465
2023-11-14 12:00:00+00:00,75.22,108.12198,12523.755
2023-11-14 13:00:00+00:00,86.38,105.543594,12953.3425
2023-11-14 14:00:00+00:00,100.6,85.186325,13884.5675
2023-11-14 15:00:00+00:00,98.91,85.473274,14766.4
2023-11-14 16:00:00+00:00,132.8,127.2976,15378.7275
2023-11-14 17:00:00+00:00,126.03,144.46574,15293.96
2023-11-14 18:00:00+00:00,116.97,128.1468,14574.96
2023-11-14 19:00:00+00:00,100.45,77.60392,13797.71
2023-11-14 20:00:00+00:00,93.4,68.79528,12859.085
2023-11-14 21:00:00+00:00,96.16,60.254253,12214.86
2023-11-14 22:00:00+00:00,85.5,65.04621,11523.72
2023-11-14 23:00:00+00:00,81.1,64.99143,10834.5125
2023-11-15 00:00:00+00:00,76.42,87.382545,10330.85
2023-11-15 01:00:00+00:00,72.9,90.81786,10048.4275
2023-11-15 02:00:00+00:00,70.69,90.74875,9975.195
2023-11-15 03:00:00+00:00,74.45,91.66161,10084.8475
2023-11-15 04:00:00+00:00,81.99,90.58522,10810.0525
2023-11-15 05:00:00+00:00,101.27,106.78334,12094.57
2023-11-15 06:00:00+00:00,121.36,116.96432,13191.2325
2023-11-15 07:00:00+00:00,126.23,119.341156,13676.1075
2023-11-15 08:00:00+00:00,117.48,112.51177,13516.76
2023-11-15 09:00:00+00:00,108.46,104.76793,12771.2125
2023-11-15 10:00:00+00:00,96.82,102.4656,12347.79
2023-11-15 11:00:00+00:00,90.94,101.117546,12233.1025
2023-11-15 12:00:00+00:00,92.46,104.13749,12346.9275
2023-11-15 13:00:00+00:00,94.55,105.90762,12909.5975
2023-11-15 14:00:00+00:00,113.76,113.39593,13611.1425
2023-11-15 15:00:00+00:00,119.21,112.41029,14083.68
2023-11-15 16:00:00+00:00,126.6,137.90251,14438.67
2023-11-15 17:00:00+00:00,129.9,142.18875,14128.83
2023-11-15 18:00:00+00:00,121.08,118.10684,13425.315
2023-11-15 19:00:00+00:00,109.9,100.496956,12601.6175
2023-11-15 20:00:00+00:00,97.5,91.35031,11815.86
2023-11-15 21:00:00+00:00,91.66,90.32176,10982.6175
2023-11-15 22:00:00+00:00,84.21,81.54101,10733.9725
2023-11-15 23:00:00+00:00,85.46,90.29614,10020.45
2023-11-16 00:00:00+00:00,83.4,85.2173,9776.17
2023-11-16 01:00:00+00:00,95.57,83.907585,9605.38
2023-11-16 02:00:00+00:00,0.0,85.957436,9548.3925
2023-11-16 03:00:00+00:00,98.3,86.421234,9744.9225
2023-11-16 04:00:00+00:00,103.2,81.897224,10442.8275
2023-11-16 05:00:00+00:00,105.0,110.89785,11894.33
2023-11-16 06:00:00+00:00,126.9,122.993324,13310.96
2023-11-16 07:00:00+00:00,129.99,133.45515,13853.6125
2023-11-16 08:00:00+00:00,128.59,125.40759,13536.3775
2023-11-16 09:00:00+00:00,120.1,115.05416,13076.2525
2023-11-16 10:00:00+00:00,116.62,105.017944,12373.3975
2023-11-16 11:00:00+00:00,122.63,98.34933,11938.9925
2023-11-16 12:00:00+00:00,131.64,99.83011,12222.0
2023-11-16 13:00:00+00:00,146.52,101.035095,12812.4
2023-11-16 14:00:00+00:00,158.5,117.81246,13302.815
2023-11-16 15:00:00+00:00,158.24,117.54775,14115.225
2023-11-16 16:00:00+00:00,181.22,133.71701,14654.1175
2023-11-16 17:00:00+00:00,140.44,140.1091,14274.8425
2023-11-16 18:00:00+00:00,125.26,119.616104,13660.6275
2023-11-16 19:00:00+00:00,121.19,102.83023,12754.6625
2023-11-16 20:00:00+00:00,115.0,89.29514,12000.2275
2023-11-16 21:00:00+00:00,110.2,87.07878,11252.1425
2023-11-16 22:00:00+00:00,100.85,90.68506,10366.4325
2023-11-16 23:00:00+00:00,106.0,90.05651,10055.34
2023-11-17 00:00:00+00:00,100.0,90.01126,9589.79
2023-11-17 01:00:00+00:00,0.0,91.239426,9363.5925
2023-11-17 02:00:00+00:00,92.86,86.58144,9335.5725
2023-11-17 03:00:00+00:00,95.7,91.798874,9502.8075
2023-11-17 04:00:00+00:00,103.2,99.089226,10244.69
2023-11-17 05:00:00+00:00,119.35,95.90701,11327.05
2023-11-17 06:00:00+00:00,131.03,120.62466,12390.63
2023-11-17 07:00:00+00:00,141.92,129.24464,13117.295
2023-11-17 08:00:00+00:00,134.75,129.88927,13194.35
2023-11-17 09:00:00+00:00,127.9,110.97375,12803.2225
2023-11-17 10:00:00+00:00,125.18,104.8511,12430.6775
2023-11-17 11:00:00+00:00,119.54,109.30533,12276.38
2023-11-17 12:00:00+00:00,112.1,121.14206,12357.4075
2023-11-17 13:00:00+00:00,123.91,144.046,12668.82
2023-11-17 14:00:00+00:00,129.76,155.69131,13058.3525
2023-11-17 15:00:00+00:00,137.65,152.85938,13570.4325
2023-11-17 16:00:00+00:00,146.32,163.63719,14154.03
2023-11-17 17:00:00+00:00,149.8,140.23659,14014.06
2023-11-17 18:00:00+00:00,141.83,117.15953,13262.4825
2023-11-17 19:00:00+00:00,128.44,101.05656,12631.905
2023-11-17 20:00:00+00:00,120.36,94.40325,12019.6125
2023-11-17 21:00:00+00:00,118.24,94.407974,11390.9025
2023-11-17 22:00:00+00:00,112.1,86.29395,10800.24
2023-11-17 23:00:00+00:00,110.56,95.71373,10270.9025
2023-11-18 00:00:00+00:00,97.38,90.557556,10010.8675
2023-11-18 01:00:00+00:00,90.61,85.42693,9713.07
2023-11-18 02:00:00+00:00,85.94,88.25443,9605.4175
2023-11-18 03:00:00+00:00,82.46,88.942154,9622.31
2023-11-18 04:00:00+00:00,82.5,94.0919,9843.83
2023-11-18 05:00:00+00:00,86.19,98.885216,10309.8475
2023-11-18 06:00:00+00:00,92.08,103.63788,10901.12
2023-11-18 07:00:00+00:00,100.17,119.44512,11393.43
2023-11-18 08:00:00+00:00,96.95,107.07457,11326.4525
2023-11-18 09:00:00+00:00,95.21,115.004166,11144.985
2023-11-18 10:00:00+00:00,92.89,108.45997,10960.6025
2023-11-18 11:00:00+00:00,92.64,100.08293,11004.1075
2023-11-18 12:00:00+00:00,91.61,98.71425,11224.0275
2023-11-18 13:00:00+00:00,92.89,106.17825,11442.785
2023-11-18 14:00:00+00:00,92.23,117.68676,11757.895
2023-11-18 15:00:00+00:00,94.48,121.37105,12430.8475
2023-11-18 16:00:00+00:00,105.28,155.00327,13210.02
2023-11-18 17:00:00+00:00,107.62,151.37238,13211.22
2023-11-18 18:00:00+00:00,90.8,123.24041,12669.9275
2023-11-18 19:00:00+00:00,83.54,109.12345,12217.5225
2023-11-18 20:00:00+00:00,78.11,98.95261,11965.4775
2023-11-18 21:00:00+00:00,73.76,97.31411,11856.825
2023-11-18 22:00:00+00:00,58.11,94.20361,10911.6225
2023-11-18 23:00:00+00:00,19.24,93.326035,10808.205
2023-11-19 00:00:00+00:00,5.75,86.224144,10633.545
2023-11-19 01:00:00+00:00,4.1,72.18847,10441.3875
2023-11-19 02:00:00+00:00,0.13,80.452774,10416.365
2023-11-19 03:00:00+00:00,0.07,79.4569,10391.99
2023-11-19 04:00:00+00:00,0.09,88.21324,10508.1325
2023-11-19 05:00:00+00:00,2.33,79.33588,10798.2825
2023-11-19 06:00:00+00:00,5.59,79.75448,11160.8675
2023-11-19 07:00:00+00:00,14.49,87.97282,11537.635
2023-11-19 08:00:00+00:00,18.92,89.12024,11672.87
2023-11-19 09:00:00+00:00,12.57,91.264824,11596.625
2023-11-19 10:00:00+00:00,12.61,87.36285,11270.6075
2023-11-19 11:00:00+00:00,11.66,87.37349,11164.28
2023-11-19 12:00:00+00:00,0.79,88.040344,11097.93
2023-11-19 13:00:00+00:00,15.29,88.044685,11267.0975
2023-11-19 14:00:00+00:00,67.31,98.8633,11764.62
2023-11-19 15:00:00+00:00,80.98,104.011925,12284.7275
2023-11-19 16:00:00+00:00,94.99,122.52791,13085.6475
2023-11-19 17:00:00+00:00,104.58,120.07768,13193.21
2023-11-19 18:00:00+00:00,103.86,109.78932,12841.6025
2023-11-19 19:00:00+00:00,88.74,102.29062,12562.0
2023-11-19 20:00:00+00:00,84.42,95.849045,12188.39
2023-11-19 21:00:00+00:00,88.05,84.43519,11723.6275
2023-11-19 22:00:00+00:00,80.05,83.963135,11236.9625
2023-11-19 23:00:00+00:00,68.3,81.46909,11022.2675
2023-11-20 00:00:00+00:00,62.68,60.290947,10722.275
2023-11-20 01:00:00+00:00,59.91,56.57875,10435.0925
2023-11-20 02:00:00+00:00,57.61,56.164165,10383.6725
2023-11-20 03:00:00+00:00,63.4,60.48759,10337.365
2023-11-20 04:00:00+00:00,80.43,67.26838,10605.4675
2023-11-20 05:00:00+00:00,102.47,78.76728,11243.345
2023-11-20 06:00:00+00:00,127.72,108.80715,12615.8425
2023-11-20 07:00:00+00:00,126.0,120.08737,13331.86
2023-11-20 08:00:00+00:00,117.59,115.00927,13439.3125
2023-11-20 09:00:00+00:00,110.59,104.323524,13255.47
2023-11-20 10:00:00+00:00,106.0,102.78191,12926.5275
2023-11-20 11:00:00+00:00,103.0,92.516685,12749.535
2023-11-20 12:00:00+00:00,114.3,90.91032,13098.1825
2023-11-20 13:00:00+00:00,120.35,84.033714,12457.3575
2023-11-20 14:00:00+00:00,125.37,84.10923,12559.44
2023-11-20 15:00:00+00:00,135.86,89.825745,13250.55
2023-11-20 16:00:00+00:00,148.12,129.75426,14040.865
2023-11-20 17:00:00+00:00,139.98,139.83162,13749.45
2023-11-20 18:00:00+00:00,130.1,130.59113,13145.14
2023-11-20 19:00:00+00:00,120.05,106.362015,12543.425
2023-11-20 20:00:00+00:00,107.01,93.40947,11760.775
2023-11-20 21:00:00+00:00,108.05,91.64843,11120.2225
2023-11-20 22:00:00+00:00,100.0,60.30057,10397.31
2023-11-20 23:00:00+00:00,102.75,67.652405,9752.7625
2023-11-21 00:00:00+00:00,98.2,56.30938,9378.6225
2023-11-21 01:00:00+00:00,96.12,55.263878,9241.49
2023-11-21 02:00:00+00:00,91.17,55.263878,9240.3525
2023-11-21 03:00:00+00:00,95.36,56.261063,9335.045
2023-11-21 04:00:00+00:00,101.12,62.604824,9639.6725
2023-11-21 05:00:00+00:00,120.1,102.12986,10738.4625
2023-11-21 06:00:00+00:00,134.5,127.45298,12273.52
2023-11-21 07:00:00+00:00,139.3,127.92544,13057.82
2023-11-21 08:00:00+00:00,136.02,120.01755,12921.435
2023-11-21 09:00:00+00:00,135.0,116.81738,12252.7825
2023-11-21 10:00:00+00:00,134.12,105.831276,11976.45
2023-11-21 11:00:00+00:00,137.83,99.9152,11312.045
2023-11-21 12:00:00+00:00,137.02,108.04654,11663.68
2023-11-21 13:00:00+00:00,137.07,113.21042,12395.205
2023-11-21 14:00:00+00:00,137.23,121.71445,13131.0825
2023-11-21 15:00:00+00:00,140.57,133.94138,13808.03
2023-11-21 16:00:00+00:00,145.8,159.04485,14630.42
2023-11-21 17:00:00+00:00,142.08,147.68672,14749.1075
2023-11-21 18:00:00+00:00,132.35,130.77243,14175.4675
2023-11-21 19:00:00+00:00,124.79,116.69898,13540.2825
2023-11-21 20:00:00+00:00,110.52,96.0173,12817.725
2023-11-21 21:00:00+00:00,110.91,90.59367,12137.8375
2023-11-21 22:00:00+00:00,98.04,89.730804,11376.3525
2023-11-21 23:00:00+00:00,98.0,89.50049,10785.1675
2023-11-22 00:00:00+00:00,95.01,89.965256,10349.555
2023-11-22 01:00:00+00:00,0.0,95.614914,10104.5075
2023-11-22 02:00:00+00:00,92.0,93.01411,10120.0525
2023-11-22 03:00:00+00:00,92.59,92.14323,10230.705
2023-11-22 04:00:00+00:00,96.5,103.63246,10497.1725
2023-11-22 05:00:00+00:00,119.25,110.68464,11287.87
2023-11-22 06:00:00+00:00,140.55,116.34808,12670.52
2023-11-22 07:00:00+00:00,152.23,144.5963,13562.5625
2023-11-22 08:00:00+00:00,131.3,141.05006,13394.8825
2023-11-22 09:00:00+00:00,114.99,126.55046,12731.335
2023-11-22 10:00:00+00:00,103.57,116.49926,12345.6675
2023-11-22 11:00:00+00:00,95.6,130.93542,12006.3325
2023-11-22 12:00:00+00:00,102.41,130.8061,12253.455
2023-11-22 13:00:00+00:00,116.09,131.19913,12592.565
2023-11-22 14:00:00+00:00,120.0,136.25105,13161.6825
2023-11-22 15:00:00+00:00,127.2,139.64362,13850.0375
2023-11-22 16:00:00+00:00,132.95,156.63858,14490.1775
2023-11-22 17:00:00+00:00,129.89,152.17584,14112.0425
2023-11-22 18:00:00+00:00,118.78,130.35435,13514.5975
2023-11-22 19:00:00+00:00,123.0,113.55941,12992.745
2023-11-22 20:00:00+00:00,102.82,104.05455,12369.58
2023-11-22 21:00:00+00:00,108.57,99.20978,11685.8625
2023-11-22 22:00:00+00:00,80.2,88.490776,11133.57
2023-11-22 23:00:00+00:00,64.97,87.03395,10969.8675
2023-11-23 00:00:00+00:00,46.05,83.28022,10801.725
2023-11-23 01:00:00+00:00,41.12,74.627525,10852.205
2023-11-23 02:00:00+00:00,30.13,78.631065,11100.14
2023-11-23 03:00:00+00:00,20.18,83.12442,11370.4675
2023-11-23 04:00:00+00:00,32.17,101.2525,11841.1175
2023-11-23 05:00:00+00:00,82.0,114.915306,12769.8475
2023-11-23 06:00:00+00:00,114.43,145.67711,14266.155
2023-11-23 07:00:00+00:00,139.8,161.86572,15104.515
2023-11-23 08:00:00+00:00,139.9,133.99532,14873.8275
2023-11-23 09:00:00+00:00,119.01,121.28098,14286.9525
2023-11-23 10:00:00+00:00,88.0,114.29018,13152.1025
2023-11-23 11:00:00+00:00,70.87,111.0195,13364.58
2023-11-23 12:00:00+00:00,84.89,122.65117,13473.975
2023-11-23 13:00:00+00:00,95.0,132.8318,13914.0025
2023-11-23 14:00:00+00:00,98.0,144.15913,14348.5425
2023-11-23 15:00:00+00:00,112.1,144.7522,14935.1975
2023-11-23 16:00:00+00:00,155.77,162.26031,15738.0225
2023-11-23 17:00:00+00:00,135.9,144.9567,15504.875
2023-11-23 18:00:00+00:00,130.1,126.678795,14816.46
2023-11-23 19:00:00+00:00,96.0,118.91802,14250.8625
2023-11-23 20:00:00+00:00,93.0,105.62314,13617.5425
2023-11-23 21:00:00+00:00,91.8,98.01088,12947.2825
2023-11-23 22:00:00+00:00,60.32,88.35481,12356.485
2023-11-23 23:00:00+00:00,47.0,81.08707,11868.41
2023-11-24 00:00:00+00:00,20.4,76.19131,11502.9675
2023-11-24 01:00:00+00:00,24.4,73.66169,11238.0725
2023-11-24 02:00:00+00:00,0.59,73.861404,11100.71
2023-11-24 03:00:00+00:00,1.77,75.2349,11136.9225
2023-11-24 04:00:00+00:00,31.68,84.600044,11338.775
2023-11-24 05:00:00+00:00,70.9,112.14335,12065.035
2023-11-24 06:00:00+00:00,94.61,121.395584,13351.9075
2023-11-24 07:00:00+00:00,126.57,131.89659,14224.3525
2023-11-24 08:00:00+00:00,131.22,133.60902,14277.63
2023-11-24 09:00:00+00:00,107.15,123.47363,14061.5875
2023-11-24 10:00:00+00:00,98.85,124.27263,13754.7475
2023-11-24 11:00:00+00:00,77.86,113.0581,13601.0325
2023-11-24 12:00:00+00:00,78.29,114.114494,13775.43
2023-11-24 13:00:00+00:00,89.31,109.27029,13980.0025
2023-11-24 14:00:00+00:00,90.09,112.292336,14438.4575
2023-11-24 15:00:00+00:00,113.1,116.08156,15022.79
2023-11-24 16:00:00+00:00,145.1,159.95908,15802.745
2023-11-24 17:00:00+00:00,148.02,137.417,15716.435
2023-11-24 18:00:00+00:00,136.34,130.07758,15094.1925
2023-11-24 19:00:00+00:00,121.6,113.2189,14495.6925
2023-11-24 20:00:00+00:00,100.1,104.31306,13576.22
2023-11-24 21:00:00+00:00,92.97,93.09146,12799.835
2023-11-24 22:00:00+00:00,85.35,91.91787,12192.025
2023-11-24 23:00:00+00:00,78.07,88.092575,11739.12
2023-11-25 00:00:00+00:00,74.03,74.09927,11231.68
2023-11-25 01:00:00+00:00,72.07,71.40828,10826.6175
2023-11-25 02:00:00+00:00,71.61,80.168785,10565.165
2023-11-25 03:00:00+00:00,69.99,67.84129,10432.9675
2023-11-25 04:00:00+00:00,74.19,86.65818,10534.2225
2023-11-25 05:00:00+00:00,79.81,78.76202,10848.095
2023-11-25 06:00:00+00:00,87.08,79.4791,11319.7425
2023-11-25 07:00:00+00:00,94.29,111.40043,11878.905
2023-11-25 08:00:00+00:00,92.02,118.39707,12091.345
2023-11-25 09:00:00+00:00,89.17,105.15945,12001.535
2023-11-25 10:00:00+00:00,87.06,97.55178,11809.73
2023-11-25 11:00:00+00:00,84.84,89.76001,11634.0975
2023-11-25 12:00:00+00:00,83.09,89.928535,11498.535
2023-11-25 13:00:00+00:00,90.09,90.75449,11769.2975
2023-11-25 14:00:00+00:00,95.8,98.46436,12191.295
2023-11-25 15:00:00+00:00,114.95,106.41868,12750.9975
2023-11-25 16:00:00+00:00,124.1,141.71396,13403.2425
2023-11-25 17:00:00+00:00,138.79,157.19896,13296.35
2023-11-25 18:00:00+00:00,128.05,121.36397,12794.2175
2023-11-25 19:00:00+00:00,139.12,100.74673,12443.825
2023-11-25 20:00:00+00:00,121.0,88.065094,12156.0775
2023-11-25 21:00:00+00:00,117.86,81.58833,11699.6325
2023-11-25 22:00:00+00:00,111.15,82.347694,11323.425
2023-11-25 23:00:00+00:00,111.73,74.5566,10915.405
2023-11-26 00:00:00+00:00,105.07,78.647385,10536.3975
2023-11-26 01:00:00+00:00,101.84,81.051384,10171.8
2023-11-26 02:00:00+00:00,99.34,83.0512,9887.485
2023-11-26 03:00:00+00:00,96.58,80.41421,9633.04
2023-11-26 04:00:00+00:00,97.16,83.12815,9515.04
2023-11-26 05:00:00+00:00,100.1,84.66392,9618.84
2023-11-26 06:00:00+00:00,110.08,84.81312,10051.645
2023-11-26 07:00:00+00:00,113.13,79.15923,10557.0675
2023-11-26 08:00:00+00:00,117.7,88.613106,10502.665
2023-11-26 09:00:00+00:00,115.88,87.98594,10374.5525
2023-11-26 10:00:00+00:00,114.8,91.52619,10170.085
2023-11-26 11:00:00+00:00,113.67,91.273796,10304.2825
2023-11-26 12:00:00+00:00,110.14,88.3632,10639.49
2023-11-26 13:00:00+00:00,115.1,84.79689,11333.63
2023-11-26 14:00:00+00:00,123.26,97.22647,12102.85
2023-11-26 15:00:00+00:00,134.15,106.78123,12697.6225
2023-11-26 16:00:00+00:00,145.7,117.32622,13492.24
2023-11-26 17:00:00+00:00,160.6,139.54445,13430.9525
2023-11-26 18:00:00+00:00,146.63,124.87156,12910.365
2023-11-26 19:00:00+00:00,135.91,120.8507,12447.53
2023-11-26 20:00:00+00:00,122.41,101.1649,11987.485
2023-11-26 21:00:00+00:00,118.99,99.27727,11556.4975
2023-11-26 22:00:00+00:00,102.49,96.186455,11103.445
2023-11-26 23:00:00+00:00,99.31,94.66545,10845.5725
2023-11-27 00:00:00+00:00,94.15,100.95676,10487.355
2023-11-27 01:00:00+00:00,89.9,103.207794,10339.5775
2023-11-27 02:00:00+00:00,88.82,99.69769,10292.8775
2023-11-27 03:00:00+00:00,87.91,98.52819,10324.5125
2023-11-27 04:00:00+00:00,94.09,102.005936,10641.2125
2023-11-27 05:00:00+00:00,122.01,112.35506,11453.78
2023-11-27 06:00:00+00:00,136.89,151.70146,12853.1625
2023-11-27 07:00:00+00:00,144.99,147.54352,13831.3525
2023-11-27 08:00:00+00:00,139.41,141.39969,14056.53
2023-11-27 09:00:00+00:00,138.0,144.64067,13807.0375
2023-11-27 10:00:00+00:00,136.94,144.05632,13467.83
2023-11-27 11:00:00+00:00,133.97,143.31453,13203.055
2023-11-27 12:00:00+00:00,132.67,143.05452,13343.4925
2023-11-27 13:00:00+00:00,130.09,138.82507,13379.2675
2023-11-27 14:00:00+00:00,121.63,147.35718,13786.6125
2023-11-27 15:00:00+00:00,116.84,152.81064,14696.3575
2023-11-27 16:00:00+00:00,125.56,223.07411,15743.305
2023-11-27 17:00:00+00:00,129.1,279.28403,15544.76
2023-11-27 18:00:00+00:00,105.58,248.45746,14962.4825
2023-11-27 19:00:00+00:00,109.0,169.47644,14218.0925
2023-11-27 20:00:00+00:00,108.1,133.30032,13383.87
2023-11-27 21:00:00+00:00,94.3,116.43176,12483.315
2023-11-27 22:00:00+00:00,84.89,94.57332,11768.5525
2023-11-27 23:00:00+00:00,77.74,88.36445,11173.525
2023-11-28 00:00:00+00:00,70.49,82.2872,10792.18
2023-11-28 01:00:00+00:00,67.47,85.810875,10533.5375
2023-11-28 02:00:00+00:00,64.5,82.46843,10394.5275
2023-11-28 03:00:00+00:00,68.29,86.451866,10307.3775
2023-11-28 04:00:00+00:00,80.08,94.98999,10505.6625
2023-11-28 05:00:00+00:00,97.62,111.73152,11465.505
2023-11-28 06:00:00+00:00,118.38,134.05824,12956.0625
2023-11-28 07:00:00+00:00,127.6,140.50412,13809.3725
2023-11-28 08:00:00+00:00,138.28,133.34163,13992.56
2023-11-28 09:00:00+00:00,139.27,129.22713,13668.4725
2023-11-28 10:00:00+00:00,138.51,129.04959,13398.025
2023-11-28 11:00:00+00:00,135.61,126.08429,13476.9425
2023-11-28 12:00:00+00:00,137.73,124.32278,13705.05
2023-11-28 13:00:00+00:00,144.01,123.651985,14253.735
2023-11-28 14:00:00+00:00,150.0,122.13693,14826.5075
2023-11-28 15:00:00+00:00,164.01,125.69206,15379.57
2023-11-28 16:00:00+00:00,189.98,135.7311,16159.4675
2023-11-28 17:00:00+00:00,177.0,142.6082,16067.9325
2023-11-28 18:00:00+00:00,161.49,124.33396,15674.4275
2023-11-28 19:00:00+00:00,140.51,118.18936,15095.68
2023-11-28 20:00:00+00:00,120.0,107.18919,14167.4575
2023-11-28 21:00:00+00:00,116.84,96.6631,13265.895
2023-11-28 22:00:00+00:00,109.29,85.3092,12581.415
2023-11-28 23:00:00+00:00,98.43,62.911907,12041.04
2023-11-29 00:00:00+00:00,95.11,78.7862,11552.5275
2023-11-29 01:00:00+00:00,92.08,74.71739,11309.2525
2023-11-29 02:00:00+00:00,86.12,73.5969,11214.8325
2023-11-29 03:00:00+00:00,84.94,74.683464,11252.94
2023-11-29 04:00:00+00:00,95.7,89.39182,11556.8575
2023-11-29 05:00:00+00:00,102.84,111.993576,12492.5725
2023-11-29 06:00:00+00:00,132.59,133.44159,13976.425
2023-11-29 07:00:00+00:00,149.58,146.63814,14827.4325
2023-11-29 08:00:00+00:00,145.0,139.12791,14566.29
2023-11-29 09:00:00+00:00,133.85,139.41718,14108.6425
2023-11-29 10:00:00+00:00,129.99,135.8569,13504.3175
2023-11-29 11:00:00+00:00,128.21,136.34686,13038.945
2023-11-29 12:00:00+00:00,132.38,137.07803,13112.6275
2023-11-29 13:00:00+00:00,146.66,144.30736,13571.5275
2023-11-29 14:00:00+00:00,168.0,158.44757,14317.9825
2023-11-29 15:00:00+00:00,200.0,167.43085,15080.265
2023-11-29 16:00:00+00:00,250.0,181.5961,15666.325
2023-11-29 17:00:00+00:00,0.0,185.15349,15204.165
2023-11-29 18:00:00+00:00,200.0,172.58562,14670.5175
2023-11-29 19:00:00+00:00,161.0,136.70149,14007.575
2023-11-29 20:00:00+00:00,139.01,110.54826,13272.35
2023-11-29 21:00:00+00:00,128.5,101.47452,12383.43
2023-11-29 22:00:00+00:00,114.27,93.11818,11585.6975
2023-11-29 23:00:00+00:00,104.79,86.86042,10985.77
2023-11-30 00:00:00+00:00,104.52,87.48242,10554.065
2023-11-30 01:00:00+00:00,102.2,87.74891,10216.9525
2023-11-30 02:00:00+00:00,100.0,89.11451,10162.495
2023-11-30 03:00:00+00:00,101.63,87.046196,10192.1425
2023-11-30 04:00:00+00:00,106.3,96.07452,10582.6475
2023-11-30 05:00:00+00:00,129.41,103.176506,11583.05
2023-11-30 06:00:00+00:00,168.09,132.21751,13041.555
2023-11-30 07:00:00+00:00,219.27,157.95236,13975.415
2023-11-30 08:00:00+00:00,237.06,147.86525,13882.745
2023-11-30 09:00:00+00:00,222.4,132.31569,13496.3625
2023-11-30 10:00:00+00:00,223.22,128.27156,12859.5
2023-11-30 11:00:00+00:00,195.15,127.89785,13625.39
2023-11-30 12:00:00+00:00,189.76,128.91588,13721.7975
2023-11-30 13:00:00+00:00,195.0,155.66212,14100.7125
2023-11-30 14:00:00+00:00,0.0,167.0592,14275.655
2023-11-30 15:00:00+00:00,226.0,171.06578,14865.895
2023-11-30 16:00:00+00:00,261.0,212.13321,15360.225
2023-11-30 17:00:00+00:00,249.41,137.6072,15070.6525
2023-11-30 18:00:00+00:00,196.66,176.39864,14708.0825
2023-11-30 19:00:00+00:00,153.93,161.57253,14236.405
2023-11-30 20:00:00+00:00,132.71,132.81976,13537.3225
2023-11-30 21:00:00+00:00,124.67,111.33743,12834.1925
2023-11-30 22:00:00+00:00,113.72,97.95802,12241.7875
2023-11-30 23:00:00+00:00,106.91,88.07203,11760.7125
2023-12-01 00:00:00+00:00,102.63,86.83403,11397.855
2023-12-01 01:00:00+00:00,99.1,81.36271,11191.5075
2023-12-01 02:00:00+00:00,95.89,77.822655,11011.3375
2023-12-01 03:00:00+00:00,96.07,83.056465,10964.7425
2023-12-01 04:00:00+00:00,102.29,90.20206,11207.205
2023-12-01 05:00:00+00:00,120.0,122.87196,12059.645
2023-12-01 06:00:00+00:00,152.07,164.56245,13579.2625
2023-12-01 07:00:00+00:00,203.32,170.03505,14591.205
2023-12-01 08:00:00+00:00,222.35,164.22812,14595.7225
2023-12-01 09:00:00+00:00,214.99,167.6333,13919.3375
2023-12-01 10:00:00+00:00,213.09,161.81326,13348.77
2023-12-01 11:00:00+00:00,196.72,152.33276,12793.56
2023-12-01 12:00:00+00:00,174.54,153.65895,12610.1275
2023-12-01 13:00:00+00:00,174.11,160.48427,13045.2
2023-12-01 14:00:00+00:00,183.6,105.89453,13772.97
2023-12-01 15:00:00+00:00,200.0,165.05133,14535.3275
2023-12-01 16:00:00+00:00,229.77,166.9862,15000.46
2023-12-01 17:00:00+00:00,199.1,154.31628,14807.84
2023-12-01 18:00:00+00:00,168.49,163.70198,14431.1325
2023-12-01 19:00:00+00:00,142.33,147.7975,13841.365
2023-12-01 20:00:00+00:00,125.11,114.46998,13024.9525
2023-12-01 21:00:00+00:00,118.31,99.39322,12426.04
2023-12-01 22:00:00+00:00,108.12,94.20011,11836.9275
2023-12-01 23:00:00+00:00,105.3,88.32708,11413.9925
2023-12-02 00:00:00+00:00,102.78,85.600586,10990.43
2023-12-02 01:00:00+00:00,101.74,82.44862,10704.6775
2023-12-02 02:00:00+00:00,99.24,85.77053,10526.2975
2023-12-02 03:00:00+00:00,98.35,71.67782,10428.5125
2023-12-02 04:00:00+00:00,98.01,81.320206,10447.51
2023-12-02 05:00:00+00:00,99.06,95.69174,10784.5225
2023-12-02 06:00:00+00:00,104.75,140.72484,11354.755
2023-12-02 07:00:00+00:00,120.34,157.93608,11820.6325
2023-12-02 08:00:00+00:00,127.99,164.56511,12192.1275
2023-12-02 09:00:00+00:00,130.75,160.83707,12001.075
2023-12-02 10:00:00+00:00,126.24,156.63652,11777.015
2023-12-02 11:00:00+00:00,119.9,152.58548,11653.43
2023-12-02 12:00:00+00:00,114.58,156.35124,11610.385
2023-12-02 13:00:00+00:00,118.52,157.2019,11731.6175
2023-12-02 14:00:00+00:00,123.5,153.46167,12239.665
2023-12-02 15:00:00+00:00,129.79,147.63399,12847.18
2023-12-02 16:00:00+00:00,144.15,156.52019,13520.4975
2023-12-02 17:00:00+00:00,144.85,164.88231,13421.98
2023-12-02 18:00:00+00:00,129.56,156.06085,12979.96
2023-12-02 19:00:00+00:00,122.56,115.30067,12588.38
2023-12-02 20:00:00+00:00,113.0,101.41582,12004.165
2023-12-02 21:00:00+00:00,109.01,97.52323,11411.135
2023-12-02 22:00:00+00:00,106.3,86.13125,10927.1625
2023-12-02 23:00:00+00:00,108.63,91.952644,10612.4775
2023-12-03 00:00:00+00:00,103.38,90.45892,10259.885
2023-12-03 01:00:00+00:00,100.2,92.74691,9917.5475
2023-12-03 02:00:00+00:00,99.13,88.77803,9683.4325
2023-12-03 03:00:00+00:00,95.15,88.84304,9556.39
2023-12-03 04:00:00+00:00,91.83,90.01233,9541.17
2023-12-03 05:00:00+00:00,88.89,89.71085,9714.14
2023-12-03 06:00:00+00:00,92.31,96.07544,10222.7875
2023-12-03 07:00:00+00:00,97.02,96.72569,10679.105
2023-12-03 08:00:00+00:00,100.15,109.68666,10835.775
2023-12-03 09:00:00+00:00,104.96,109.45547,10707.715
2023-12-03 10:00:00+00:00,105.07,104.70815,10776.6925
2023-12-03 11:00:00+00:00,102.91,103.344696,10982.9075
2023-12-03 12:00:00+00:00,100.0,102.97505,11361.73
2023-12-03 13:00:00+00:00,105.68,107.02538,11803.1575
2023-12-03 14:00:00+00:00,115.0,109.7212,12331.1325
2023-12-03 15:00:00+00:00,122.2,119.86399,12839.49
2023-12-03 16:00:00+00:00,127.9,140.9168,13578.1975
2023-12-03 17:00:00+00:00,129.05,152.73148,13497.1525
2023-12-03 18:00:00+00:00,126.07,122.63606,13046.2925
2023-12-03 19:00:00+00:00,112.33,100.89296,12600.3575
2023-12-03 20:00:00+00:00,100.0,94.28464,11932.92
2023-12-03 21:00:00+00:00,99.09,91.60275,11186.005
2023-12-03 22:00:00+00:00,89.0,96.318695,10508.5475
2023-12-03 23:00:00+00:00,93.86,98.7748,10035.2075
2023-12-04 00:00:00+00:00,89.81,104.69635,9604.32
2023-12-04 01:00:00+00:00,88.02,104.15492,9399.6125
2023-12-04 02:00:00+00:00,85.38,101.228836,9384.42
2023-12-04 03:00:00+00:00,85.83,98.70941,9580.7675
2023-12-04 04:00:00+00:00,91.98,99.644,10193.915
2023-12-04 05:00:00+00:00,103.38,112.77034,11490.895
2023-12-04 06:00:00+00:00,115.75,141.46341,13285.115
2023-12-04 07:00:00+00:00,122.64,146.54185,14758.3125
2023-12-04 08:00:00+00:00,126.12,143.10074,15332.65
2023-12-04 09:00:00+00:00,128.02,140.78142,15196.5375
2023-12-04 10:00:00+00:00,130.7,136.38106,15003.195
2023-12-04 11:00:00+00:00,126.45,136.35207,14914.5875
2023-12-04 12:00:00+00:00,130.0,133.28001,15049.5125
2023-12-04 13:00:00+00:00,127.1,131.70964,15180.545
2023-12-04 14:00:00+00:00,124.84,135.58134,15425.325
2023-12-04 15:00:00+00:00,121.96,142.35757,15885.075
2023-12-04 16:00:00+00:00,128.06,177.42238,16312.77
2023-12-04 17:00:00+00:00,125.6,176.84703,15854.135
2023-12-04 18:00:00+00:00,120.0,155.72597,15197.2875
2023-12-04 19:00:00+00:00,114.33,136.4934,14608.875
2023-12-04 20:00:00+00:00,105.55,116.291214,13894.4125
2023-12-04 21:00:00+00:00,100.0,106.01341,13119.2025
2023-12-04 22:00:00+00:00,91.76,93.37098,12413.815
2023-12-04 23:00:00+00:00,90.85,87.89044,11989.395
2023-12-05 00:00:00+00:00,88.01,82.80732,11599.4625
2023-12-05 01:00:00+00:00,85.73,80.09619,11409.8825
2023-12-05 02:00:00+00:00,83.62,76.29929,11305.285
2023-12-05 03:00:00+00:00,84.71,75.876335,11281.36
2023-12-05 04:00:00+00:00,91.02,90.41867,11588.8125
2023-12-05 05:00:00+00:00,107.95,114.18459,12515.2325
2023-12-05 06:00:00+00:00,114.36,119.77795,14074.42
2023-12-05 07:00:00+00:00,122.79,128.98387,15160.38
2023-12-05 08:00:00+00:00,123.29,126.22186,15202.18
2023-12-05 09:00:00+00:00,120.69,129.41525,14557.11
2023-12-05 10:00:00+00:00,120.79,124.44929,14035.815
2023-12-05 11:00:00+00:00,117.96,120.83195,13637.525
2023-12-05 12:00:00+00:00,118.12,124.01667,13691.5875
2023-12-05 13:00:00+00:00,125.07,126.18243,14250.57
2023-12-05 14:00:00+00:00,122.59,128.95374,14993.38
2023-12-05 15:00:00+00:00,129.24,142.48315,15569.75
2023-12-05 16:00:00+00:00,146.05,159.74892,15993.01
2023-12-05 17:00:00+00:00,147.47,162.96935,15364.6375
2023-12-05 18:00:00+00:00,141.56,153.2751,14713.8175
2023-12-05 19:00:00+00:00,128.63,117.83561,14135.93
2023-12-05 20:00:00+00:00,117.83,95.21879,13424.0625
2023-12-05 21:00:00+00:00,111.55,91.25811,12689.0125
2023-12-05 22:00:00+00:00,103.28,88.43076,12130.86
2023-12-05 23:00:00+00:00,94.97,81.35656,11766.92
2023-12-06 00:00:00+00:00,93.1,79.51003,11292.29
2023-12-06 01:00:00+00:00,92.57,76.53504,10892.86
2023-12-06 02:00:00+00:00,90.96,76.874,10816.44
2023-12-06 03:00:00+00:00,90.59,77.65901,10936.265
2023-12-06 04:00:00+00:00,93.89,89.43509,11252.325
2023-12-06 05:00:00+00:00,106.52,113.66187,12440.625
2023-12-06 06:00:00+00:00,132.76,127.246666,14102.3225
2023-12-06 07:00:00+00:00,167.0,138.967,15143.655
2023-12-06 08:00:00+00:00,166.54,134.47374,15419.7675
2023-12-06 09:00:00+00:00,150.0,129.351,15345.8025
2023-12-06 10:00:00+00:00,146.29,121.953316,14795.37
2023-12-06 11:00:00+00:00,119.0,124.82193,14557.4175
2023-12-06 12:00:00+00:00,109.73,121.16574,14807.705
2023-12-06 13:00:00+00:00,129.89,132.09337,15233.91
2023-12-06 14:00:00+00:00,143.99,145.2739,15699.0275
2023-12-06 15:00:00+00:00,164.0,158.84639,16144.475
2023-12-06 16:00:00+00:00,178.07,189.22871,16530.93
2023-12-06 17:00:00+00:00,165.28,169.02386,16104.9025
2023-12-06 18:00:00+00:00,149.93,184.67361,15599.475
2023-12-06 19:00:00+00:00,129.91,147.87772,14986.1175
2023-12-06 20:00:00+00:00,115.68,120.46647,14284.8775
2023-12-06 21:00:00+00:00,107.33,107.91045,13382.5325
2023-12-06 22:00:00+00:00,100.44,87.61224,12643.48
2023-12-06 23:00:00+00:00,99.2,82.932785,11948.5225
2023-12-07 00:00:00+00:00,97.85,81.28903,11365.34
2023-12-07 01:00:00+00:00,96.86,76.09418,10926.9625
2023-12-07 02:00:00+00:00,91.81,83.292305,10709.525
2023-12-07 03:00:00+00:00,89.92,81.849815,10579.7475
2023-12-07 04:00:00+00:00,94.53,87.5278,10764.01
2023-12-07 05:00:00+00:00,97.05,105.98696,11577.25
2023-12-07 06:00:00+00:00,127.99,155.74232,13167.215
2023-12-07 07:00:00+00:00,150.0,209.24496,14335.845
2023-12-07 08:00:00+00:00,137.7,210.31224,14369.19
2023-12-07 09:00:00+00:00,108.2,188.26006,13943.305
2023-12-07 10:00:00+00:00,94.3,185.56384,13606.985
2023-12-07 11:00:00+00:00,79.0,140.79227,13269.3575
2023-12-07 12:00:00+00:00,80.3,137.9692,13546.4375
2023-12-07 13:00:00+00:00,86.0,153.41653,14040.41
2023-12-07 14:00:00+00:00,106.7,142.45297,14621.16
2023-12-07 15:00:00+00:00,126.13,198.44882,15107.32
2023-12-07 16:00:00+00:00,125.21,215.8202,15572.945
2023-12-07 17:00:00+00:00,120.28,214.34615,15192.585
2023-12-07 18:00:00+00:00,103.19,190.52917,14681.545
2023-12-07 19:00:00+00:00,99.88,141.04175,14185.3175
2023-12-07 20:00:00+00:00,96.1,109.99599,13349.5975
2023-12-07 21:00:00+00:00,96.47,96.48961,12482.3875
2023-12-07 22:00:00+00:00,87.08,87.936134,11715.4125
2023-12-07 23:00:00+00:00,87.09,84.79601,11163.48
2023-12-08 00:00:00+00:00,83.26,76.90733,10843.3825
2023-12-08 01:00:00+00:00,81.43,84.13642,10664.8325
2023-12-08 02:00:00+00:00,79.52,84.35496,10555.5575
2023-12-08 03:00:00+00:00,80.0,83.827896,10571.16
2023-12-08 04:00:00+00:00,87.04,84.952126,10923.81
2023-12-08 05:00:00+00:00,99.94,106.3153,11961.2425
2023-12-08 06:00:00+00:00,107.54,136.89557,13677.63
2023-12-08 07:00:00+00:00,112.8,170.65128,14931.815
2023-12-08 08:00:00+00:00,118.58,147.56215,15171.8925
2023-12-08 09:00:00+00:00,118.78,139.18886,14485.0625
2023-12-08 10:00:00+00:00,118.07,137.3132,13841.865
2023-12-08 11:00:00+00:00,116.74,133.44559,13375.01
2023-12-08 12:00:00+00:00,111.89,135.45227,13443.64
2023-12-08 13:00:00+00:00,113.09,139.36565,13813.515
2023-12-08 14:00:00+00:00,115.75,133.6958,14386.325
2023-12-08 15:00:00+00:00,113.35,145.03134,15076.995
2023-12-08 16:00:00+00:00,117.63,149.52211,15394.2925
2023-12-08 17:00:00+00:00,118.6,147.36392,15076.405
2023-12-08 18:00:00+00:00,105.56,136.07639,14525.34
2023-12-08 19:00:00+00:00,104.67,118.5947,13993.735
2023-12-08 20:00:00+00:00,101.12,103.40954,13517.8
2023-12-08 21:00:00+00:00,101.39,87.31626,12734.805
2023-12-08 22:00:00+00:00,90.58,90.56413,11971.425
2023-12-08 23:00:00+00:00,95.0,82.05151,11538.3175
2023-12-09 00:00:00+00:00,85.1,75.00786,11124.0375
2023-12-09 01:00:00+00:00,79.49,71.71743,10840.28
2023-12-09 02:00:00+00:00,73.07,77.52207,10673.9075
2023-12-09 03:00:00+00:00,69.57,77.76034,10623.8475
2023-12-09 04:00:00+00:00,72.38,86.327194,10687.335
2023-12-09 05:00:00+00:00,76.04,84.42955,11091.55
2023-12-09 06:00:00+00:00,82.49,99.72451,11824.99
2023-12-09 07:00:00+00:00,85.14,104.0048,12659.0775
2023-12-09 08:00:00+00:00,91.76,118.75376,12990.9275
2023-12-09 09:00:00+00:00,90.58,110.71046,12596.1825
2023-12-09 10:00:00+00:00,90.75,113.40672,12017.4975
2023-12-09 11:00:00+00:00,91.17,107.10373,11852.9675
2023-12-09 12:00:00+00:00,88.69,106.5552,11991.21
2023-12-09 13:00:00+00:00,85.6,103.8831,12597.0525
2023-12-09 14:00:00+00:00,83.5,109.51853,13493.715
2023-12-09 15:00:00+00:00,78.7,112.20745,14297.88
2023-12-09 16:00:00+00:00,83.44,125.94869,14869.9525
2023-12-09 17:00:00+00:00,80.0,132.27762,14668.98
2023-12-09 18:00:00+00:00,78.69,114.48238,14181.355
2023-12-09 19:00:00+00:00,65.62,104.94923,13698.3325
2023-12-09 20:00:00+00:00,61.4,94.19394,13180.6025
2023-12-09 21:00:00+00:00,57.2,89.16631,12718.795
2023-12-09 22:00:00+00:00,46.18,85.35548,12292.185
2023-12-09 23:00:00+00:00,33.78,69.31093,12132.715
2023-12-10 00:00:00+00:00,21.34,83.78553,11848.4375
2023-12-10 01:00:00+00:00,12.49,73.19103,11619.4375
2023-12-10 02:00:00+00:00,6.37,73.91137,11476.8075
2023-12-10 03:00:00+00:00,9.36,74.65704,11374.2375
2023-12-10 04:00:00+00:00,17.54,80.153076,11423.515
2023-12-10 05:00:00+00:00,23.84,82.13012,11591.2875
2023-12-10 06:00:00+00:00,41.85,91.91839,12006.905
2023-12-10 07:00:00+00:00,59.67,97.61227,12324.355
2023-12-10 08:00:00+00:00,66.24,99.45883,12510.525
2023-12-10 09:00:00+00:00,68.01,106.26922,12374.44
2023-12-10 10:00:00+00:00,67.96,98.43858,12208.9075
2023-12-10 11:00:00+00:00,66.38,98.02182,12207.4975
2023-12-10 12:00:00+00:00,64.73,96.20885,12648.9
2023-12-10 13:00:00+00:00,68.98,99.66192,13039.5
2023-12-10 14:00:00+00:00,75.84,110.08646,13302.73
2023-12-10 15:00:00+00:00,80.3,114.74396,13635.395
2023-12-10 16:00:00+00:00,0.0,125.57447,14209.8125
2023-12-10 17:00:00+00:00,85.42,126.90037,14153.97
2023-12-10 18:00:00+00:00,80.76,120.51007,13682.84
2023-12-10 19:00:00+00:00,78.05,104.61183,13324.7525
2023-12-10 20:00:00+00:00,77.06,90.49766,12894.4575
2023-12-10 21:00:00+00:00,77.47,91.60596,12378.3625
2023-12-10 22:00:00+00:00,67.15,88.79626,11816.035
2023-12-10 23:00:00+00:00,34.55,89.30577,11427.4625
2023-12-11 00:00:00+00:00,15.74,51.938663,11041.4375
2023-12-11 01:00:00+00:00,13.0,51.963943,10823.065
2023-12-11 02:00:00+00:00,8.9,57.685863,10708.12
2023-12-11 03:00:00+00:00,11.99,53.063713,10820.535
2023-12-11 04:00:00+00:00,35.79,61.46999,11292.195
2023-12-11 05:00:00+00:00,74.29,88.57761,12292.4925
2023-12-11 06:00:00+00:00,92.74,103.81945,13763.76
2023-12-11 07:00:00+00:00,98.65,106.805565,15131.08
2023-12-11 08:00:00+00:00,98.37,113.37162,15578.4525
2023-12-11 09:00:00+00:00,93.29,113.56918,15638.025
2023-12-11 10:00:00+00:00,90.98,103.90994,15629.81
2023-12-11 11:00:00+00:00,85.97,107.31542,15468.64
2023-12-11 12:00:00+00:00,84.48,103.27829,15349.44
2023-12-11 13:00:00+00:00,92.0,108.470116,15147.47
2023-12-11 14:00:00+00:00,96.79,108.50974,14925.485
2023-12-11 15:00:00+00:00,106.12,100.52221,15351.8875
2023-12-11 16:00:00+00:00,118.45,113.21927,15522.335
2023-12-11 17:00:00+00:00,122.9,145.78758,14985.0125
2023-12-11 18:00:00+00:00,121.55,104.93267,14377.245
2023-12-11 19:00:00+00:00,114.11,95.25994,13826.5375
2023-12-11 20:00:00+00:00,99.42,79.15712,13202.4325
2023-12-11 21:00:00+00:00,96.53,67.54635,12458.2225
2023-12-11 22:00:00+00:00,90.37,61.169243,11584.8125
2023-12-11 23:00:00+00:00,88.07,77.14777,11029.64
2023-12-12 00:00:00+00:00,87.06,52.076107,10613.3425
2023-12-12 01:00:00+00:00,85.62,52.32336,10504.095
2023-12-12 02:00:00+00:00,84.42,48.618004,10428.9925
2023-12-12 03:00:00+00:00,85.55,50.511337,10580.75
2023-12-12 04:00:00+00:00,87.31,55.589546,11181.5325
2023-12-12 05:00:00+00:00,98.9,83.21446,12469.92
2023-12-12 06:00:00+00:00,118.4,121.15075,14278.83
2023-12-12 07:00:00+00:00,140.79,117.3971,15555.1875
2023-12-12 08:00:00+00:00,128.77,117.50726,15917.7275
2023-12-12 09:00:00+00:00,124.57,113.58135,15489.7
2023-12-12 10:00:00+00:00,118.81,112.82304,14997.7625
2023-12-12 11:00:00+00:00,116.82,114.8912,14609.81
2023-12-12 12:00:00+00:00,119.47,114.76469,14719.3525
2023-12-12 13:00:00+00:00,116.69,122.72529,15200.41
2023-12-12 14:00:00+00:00,115.54,111.97952,15727.345
2023-12-12 15:00:00+00:00,106.5,116.14871,16199.615000000002
2023-12-12 16:00:00+00:00,104.13,135.39952,16385.0125
2023-12-12 17:00:00+00:00,105.0,143.56287,15814.6025
2023-12-12 18:00:00+00:00,93.6,137.44928,14986.8025
2023-12-12 19:00:00+00:00,92.15,116.43095,14430.53
2023-12-12 20:00:00+00:00,88.14,101.67048,13647.4125
2023-12-12 21:00:00+00:00,83.37,91.27372,12763.6525
2023-12-12 22:00:00+00:00,77.5,84.726105,12069.0475
2023-12-12 23:00:00+00:00,75.43,80.36927,11446.575
2023-12-13 00:00:00+00:00,73.01,80.37205,10971.9325
2023-12-13 01:00:00+00:00,73.72,81.6669,10601.2275
2023-12-13 02:00:00+00:00,71.46,84.77782,10517.4225
2023-12-13 03:00:00+00:00,73.05,81.329636,10447.4825
2023-12-13 04:00:00+00:00,75.57,88.798645,10730.27
2023-12-13 05:00:00+00:00,83.1,108.43951,11961.6325
2023-12-13 06:00:00+00:00,102.19,126.1536,13606.035
2023-12-13 07:00:00+00:00,98.77,169.1872,14815.3925
2023-12-13 08:00:00+00:00,103.51,152.9204,15312.4325
2023-12-13 09:00:00+00:00,100.23,138.69322,15228.3125
2023-12-13 10:00:00+00:00,100.0,129.35258,13940.1125
2023-12-13 11:00:00+00:00,97.62,117.36297,14145.3
2023-12-13 12:00:00+00:00,97.34,116.15673,14591.175
2023-12-13 13:00:00+00:00,102.06,119.15453,14975.3625
2023-12-13 14:00:00+00:00,102.83,129.03322,15667.055
2023-12-13 15:00:00+00:00,100.78,143.6508,16419.96
2023-12-13 16:00:00+00:00,110.04,151.13,17042.2775
2023-12-13 17:00:00+00:00,105.42,158.2713,16689.6875
2023-12-13 18:00:00+00:00,102.04,141.3369,16147.775
2023-12-13 19:00:00+00:00,95.3,119.63735,15604.7725
2023-12-13 20:00:00+00:00,90.88,112.27071,14877.0075
2023-12-13 21:00:00+00:00,92.35,105.13144,14096.67
2023-12-13 22:00:00+00:00,84.25,87.28388,13269.77
2023-12-13 23:00:00+00:00,77.34,77.3861,12640.615
2023-12-14 00:00:00+00:00,76.13,86.40024,12109.46
2023-12-14 01:00:00+00:00,76.5,84.04906,11837.9125
2023-12-14 02:00:00+00:00,77.53,75.94999,11767.0525
2023-12-14 03:00:00+00:00,79.05,84.437,11780.015
2023-12-14 04:00:00+00:00,81.92,97.058815,12130.485
2023-12-14 05:00:00+00:00,90.92,107.5257,13085.51
2023-12-14 06:00:00+00:00,116.34,132.96046,14701.1625
2023-12-14 07:00:00+00:00,124.66,138.2481,15939.7325
2023-12-14 08:00:00+00:00,121.7,130.78268,16110.78
2023-12-14 09:00:00+00:00,114.33,116.87589,15553.9875
2023-12-14 10:00:00+00:00,119.32,112.18895,15206.8225
2023-12-14 11:00:00+00:00,95.0,109.64917,14799.8225
2023-12-14 12:00:00+00:00,99.9,109.52266,14903.77
2023-12-14 13:00:00+00:00,100.8,114.7368,15306.1825
2023-12-14 14:00:00+00:00,108.1,114.24208,15800.3125
2023-12-14 15:00:00+00:00,120.0,124.56542,16367.56
2023-12-14 16:00:00+00:00,119.9,126.04605,16767.9825
2023-12-14 17:00:00+00:00,122.3,117.93337,16295.365
2023-12-14 18:00:00+00:00,113.82,114.03224,15710.655
2023-12-14 19:00:00+00:00,99.9,104.46761,15041.465
2023-12-14 20:00:00+00:00,96.2,100.06289,14378.545
2023-12-14 21:00:00+00:00,94.46,97.523445,13657.1975
2023-12-14 22:00:00+00:00,85.57,87.18548,12977.2
2023-12-14 23:00:00+00:00,86.11,62.95836,12527.7525
2023-12-15 00:00:00+00:00,82.93,89.13979,12165.4675
2023-12-15 01:00:00+00:00,80.1,84.83069,11940.0175
2023-12-15 02:00:00+00:00,76.55,85.700836,11853.8125
2023-12-15 03:00:00+00:00,75.16,86.892975,11876.83
2023-12-15 04:00:00+00:00,80.41,99.517006,12208.12
2023-12-15 05:00:00+00:00,95.97,107.73535,13145.675
2023-12-15 06:00:00+00:00,106.92,122.49987,14703.6225
2023-12-15 07:00:00+00:00,121.5,122.628746,16000.9975
2023-12-15 08:00:00+00:00,117.47,121.53718,16485.2075
2023-12-15 09:00:00+00:00,109.97,118.237465,16103.7275
2023-12-15 10:00:00+00:00,102.77,113.97177,15447.02
2023-12-15 11:00:00+00:00,94.2,111.60958,15125.645
2023-12-15 12:00:00+00:00,88.37,109.72158,15135.2725
2023-12-15 13:00:00+00:00,87.1,110.190094,15276.955
2023-12-15 14:00:00+00:00,89.86,110.02223,15659.975
2023-12-15 15:00:00+00:00,98.4,115.009605,16082.58
2023-12-15 16:00:00+00:00,104.4,122.079765,16585.37
2023-12-15 17:00:00+00:00,101.86,125.82507,16130.35
2023-12-15 18:00:00+00:00,93.3,114.80904,15364.0425
2023-12-15 19:00:00+00:00,93.36,103.86108,14617.6925
2023-12-15 20:00:00+00:00,88.36,97.203094,13982.875
2023-12-15 21:00:00+00:00,86.77,90.54554,13373.3875
2023-12-15 22:00:00+00:00,76.71,83.87089,12779.965
2023-12-15 23:00:00+00:00,67.2,81.44015,12163.07
2023-12-16 00:00:00+00:00,63.21,80.47384,11630.4225
2023-12-16 01:00:00+00:00,60.37,71.33691,11301.4375
2023-12-16 02:00:00+00:00,58.0,71.34621,11156.7225
2023-12-16 03:00:00+00:00,54.1,71.42792,11085.95
2023-12-16 04:00:00+00:00,55.64,78.34215,11164.97
2023-12-16 05:00:00+00:00,59.34,83.96918,11565.4425
2023-12-16 06:00:00+00:00,65.1,99.26155,12219.7975
2023-12-16 07:00:00+00:00,79.89,108.80412,13021.525
2023-12-16 08:00:00+00:00,87.69,110.850746,13390.03
2023-12-16 09:00:00+00:00,84.42,112.27704,13127.1175
2023-12-16 10:00:00+00:00,77.0,106.714035,12848.165
2023-12-16 11:00:00+00:00,71.45,95.680176,12622.1575
2023-12-16 12:00:00+00:00,70.62,95.9358,12685.905
2023-12-16 13:00:00+00:00,75.31,99.230225,12952.945
2023-12-16 14:00:00+00:00,80.38,99.01986,13401.5525
2023-12-16 15:00:00+00:00,83.9,101.90372,13990.4175
2023-12-16 16:00:00+00:00,106.78,111.68368,14330.365
2023-12-16 17:00:00+00:00,118.81,115.800995,13973.26
2023-12-16 18:00:00+00:00,103.0,103.976715,13544.7175
2023-12-16 19:00:00+00:00,93.6,94.47166,13010.6025
2023-12-16 20:00:00+00:00,75.0,87.09258,12420.2475
2023-12-16 21:00:00+00:00,66.46,84.24015,11819.7775
2023-12-16 22:00:00+00:00,56.0,78.40452,11178.8525
2023-12-16 23:00:00+00:00,45.48,75.25708,10771.5825
2023-12-17 00:00:00+00:00,43.11,79.40663,10504.0575
2023-12-17 01:00:00+00:00,43.71,77.94979,10262.4375
2023-12-17 02:00:00+00:00,28.69,81.28334,10182.01
2023-12-17 03:00:00+00:00,26.37,80.10749,10077.145
2023-12-17 04:00:00+00:00,29.87,82.73341,9984.6575
2023-12-17 05:00:00+00:00,39.03,83.04363,10178.22
2023-12-17 06:00:00+00:00,45.53,78.72862,10640.5175
2023-12-17 07:00:00+00:00,57.67,77.41071,11148.93
2023-12-17 08:00:00+00:00,59.17,83.72387,11314.7925
2023-12-17 09:00:00+00:00,54.43,86.208626,11164.315
2023-12-17 10:00:00+00:00,49.0,83.72871,10785.6125
2023-12-17 11:00:00+00:00,43.71,83.81853,10785.125
2023-12-17 12:00:00+00:00,40.03,90.056175,11403.855
2023-12-17 13:00:00+00:00,46.1,95.74215,12029.6725
2023-12-17 14:00:00+00:00,57.18,97.05523,12425.0325
2023-12-17 15:00:00+00:00,64.13,98.82375,12849.915
2023-12-17 16:00:00+00:00,89.0,107.37699,13342.0775
2023-12-17 17:00:00+00:00,99.89,116.87817,13179.7925
2023-12-17 18:00:00+00:00,86.0,99.21184,12789.925
2023-12-17 19:00:00+00:00,65.99,91.519585,12567.795
2023-12-17 20:00:00+00:00,64.89,88.76829,12301.8475
2023-12-17 21:00:00+00:00,66.84,89.04465,11867.8275
2023-12-17 22:00:00+00:00,51.63,84.24821,11378.14
2023-12-17 23:00:00+00:00,54.46,81.67793,10866.07
2023-12-18 00:00:00+00:00,52.02,58.71592,10507.405
2023-12-18 01:00:00+00:00,50.29,53.90574,10411.14
2023-12-18 02:00:00+00:00,49.2,53.5855,10348.2925
2023-12-18 03:00:00+00:00,52.77,58.048203,10512.765
2023-12-18 04:00:00+00:00,62.58,61.502625,10791.0
2023-12-18 05:00:00+00:00,84.0,85.40483,11823.745
2023-12-18 06:00:00+00:00,103.39,96.84746,13287.43
2023-12-18 07:00:00+00:00,109.28,95.87057,14587.03
2023-12-18 08:00:00+00:00,110.28,96.295616,15177.07
2023-12-18 09:00:00+00:00,89.03,93.46225,15107.315
2023-12-18 10:00:00+00:00,81.17,88.975174,14800.3375
2023-12-18 11:00:00+00:00,74.89,90.00261,14535.3425
2023-12-18 12:00:00+00:00,74.95,89.8761,14529.495
2023-12-18 13:00:00+00:00,80.87,89.3417,14736.5575
2023-12-18 14:00:00+00:00,88.0,89.24408,15014.7875
2023-12-18 15:00:00+00:00,95.41,89.307144,15813.165
2023-12-18 16:00:00+00:00,104.33,132.51314,16274.6275
2023-12-18 17:00:00+00:00,103.15,138.45726,16050.935
2023-12-18 18:00:00+00:00,96.3,135.0585,15483.475
2023-12-18 19:00:00+00:00,83.09,100.43756,14883.405
2023-12-18 20:00:00+00:00,74.89,85.40131,14282.7175
2023-12-18 21:00:00+00:00,63.79,82.713005,13578.27
2023-12-18 22:00:00+00:00,57.94,67.664055,12825.35
2023-12-18 23:00:00+00:00,52.24,76.40774,12366.73
2023-12-19 00:00:00+00:00,50.89,56.667313,11991.7725
2023-12-19 01:00:00+00:00,49.99,53.529747,11864.16
2023-12-19 02:00:00+00:00,56.27,52.597347,11775.1175
2023-12-19 03:00:00+00:00,59.0,54.016815,11774.2725
2023-12-19 04:00:00+00:00,65.05,67.08537,12083.2825
2023-12-19 05:00:00+00:00,80.0,110.69216,13151.5975
2023-12-19 06:00:00+00:00,93.74,115.85167,14814.7275
2023-12-19 07:00:00+00:00,100.24,128.47719,15866.035
2023-12-19 08:00:00+00:00,94.28,122.73366,16092.9675
2023-12-19 09:00:00+00:00,86.1,125.82033,15906.2775
2023-12-19 10:00:00+00:00,79.71,86.520485,15723.0725
2023-12-19 11:00:00+00:00,76.5,89.79914,15501.2625
2023-12-19 12:00:00+00:00,80.0,86.640236,15002.3175
2023-12-19 13:00:00+00:00,80.66,89.5396,15650.2075
2023-12-19 14:00:00+00:00,84.82,116.7029,15877.1025
2023-12-19 15:00:00+00:00,88.67,109.86017,16187.785
2023-12-19 16:00:00+00:00,101.81,120.03824,16703.0825
2023-12-19 17:00:00+00:00,94.4,124.14483,16623.8675
2023-12-19 18:00:00+00:00,91.1,113.19471,16245.845
2023-12-19 19:00:00+00:00,85.2,106.82304,15968.3875
2023-12-19 20:00:00+00:00,79.64,72.77493,15210.6925
2023-12-19 21:00:00+00:00,75.86,73.11566,14162.7925
2023-12-19 22:00:00+00:00,59.84,60.39374,13243.642500000002
2023-12-19 23:00:00+00:00,57.85,64.126785,12671.015
2023-12-20 00:00:00+00:00,50.48,92.96784,12346.585
2023-12-20 01:00:00+00:00,48.0,86.351616,12016.7025
2023-12-20 02:00:00+00:00,39.98,84.806786,11906.48
2023-12-20 03:00:00+00:00,31.51,87.86156,11835.8125
2023-12-20 04:00:00+00:00,39.97,101.758484,12292.575
2023-12-20 05:00:00+00:00,48.13,109.84903,13459.565
2023-12-20 06:00:00+00:00,69.53,115.128044,15132.1375
2023-12-20 07:00:00+00:00,98.09,119.685265,16432.105
2023-12-20 08:00:00+00:00,107.1,115.356346,16588.1075
2023-12-20 09:00:00+00:00,95.0,110.94693,16081.4775
2023-12-20 10:00:00+00:00,88.0,107.08598,14974.0075
2023-12-20 11:00:00+00:00,66.54,107.088806,15188.77
2023-12-20 12:00:00+00:00,70.1,106.95947,15181.44
2023-12-20 13:00:00+00:00,84.31,106.82885,15386.9625
2023-12-20 14:00:00+00:00,90.66,107.45299,15669.7425
2023-12-20 15:00:00+00:00,98.0,106.69597,16210.245
2023-12-20 16:00:00+00:00,110.91,121.16594,16594.567499999997
2023-12-20 17:00:00+00:00,100.81,118.51207,16124.855
2023-12-20 18:00:00+00:00,89.06,110.59733,15461.3225
2023-12-20 19:00:00+00:00,78.07,106.18516,14968.68
2023-12-20 20:00:00+00:00,66.87,102.010605,14457.01
2023-12-20 21:00:00+00:00,61.42,98.52568,13924.355
2023-12-20 22:00:00+00:00,48.93,91.12214,13195.4675
2023-12-20 23:00:00+00:00,29.9,79.89872,12634.07
2023-12-21 00:00:00+00:00,24.83,87.56293,12232.595
2023-12-21 01:00:00+00:00,20.48,84.36562,11990.3975
2023-12-21 02:00:00+00:00,2.76,83.925705,11935.955
2023-12-21 03:00:00+00:00,-0.84,86.6462,11983.6825
2023-12-21 04:00:00+00:00,-0.27,101.68114,12316.2
2023-12-21 05:00:00+00:00,24.44,107.56315,13255.7275
2023-12-21 06:00:00+00:00,46.5,121.41514,14679.175
2023-12-21 07:00:00+00:00,78.2,123.70946,15957.51
2023-12-21 08:00:00+00:00,83.8,120.25394,16437.86
2023-12-21 09:00:00+00:00,87.38,114.92037,15978.745
2023-12-21 10:00:00+00:00,85.72,116.65712,15729.905
2023-12-21 11:00:00+00:00,75.9,106.47856,15447.195
2023-12-21 12:00:00+00:00,64.9,106.36449,15427.19
2023-12-21 13:00:00+00:00,75.1,106.04871,15666.975
2023-12-21 14:00:00+00:00,75.87,114.990234,15859.6975
2023-12-21 15:00:00+00:00,73.4,111.80299,16183.245
2023-12-21 16:00:00+00:00,100.0,120.84982,16521.225
2023-12-21 17:00:00+00:00,102.75,122.12135,16034.785
2023-12-21 18:00:00+00:00,90.7,117.12177,15446.2975
2023-12-21 19:00:00+00:00,89.0,102.99489,14873.73
2023-12-21 20:00:00+00:00,60.0,102.69274,14202.9975
2023-12-21 21:00:00+00:00,47.56,94.88847,13423.885
2023-12-21 22:00:00+00:00,13.58,90.846725,12871.93
2023-12-21 23:00:00+00:00,0.13,91.342674,12502.445
2023-12-22 00:00:00+00:00,-0.25,89.29972,12165.15
2023-12-22 01:00:00+00:00,-0.07,85.17688,11932.985
2023-12-22 02:00:00+00:00,-0.19,87.23263,11907.4125
2023-12-22 03:00:00+00:00,-0.21,65.53019,11948.1625
2023-12-22 04:00:00+00:00,-0.4,79.53491,12275.3125
2023-12-22 05:00:00+00:00,0.44,107.0559,13134.37
2023-12-22 06:00:00+00:00,32.1,112.39594,14561.515
2023-12-22 07:00:00+00:00,72.0,122.45058,15713.2025
2023-12-22 08:00:00+00:00,92.0,124.93083,16261.7225
2023-12-22 09:00:00+00:00,63.57,119.97103,16060.8675
2023-12-22 10:00:00+00:00,59.95,105.289024,15817.3575
2023-12-22 11:00:00+00:00,54.11,105.18586,15470.4425
2023-12-22 12:00:00+00:00,54.5,105.71063,15361.7675
2023-12-22 13:00:00+00:00,60.61,105.41767,15391.6725
2023-12-22 14:00:00+00:00,60.0,105.47733,15774.045
2023-12-22 15:00:00+00:00,49.8,105.147255,15821.69
2023-12-22 16:00:00+00:00,72.0,110.27019,16159.335
2023-12-22 17:00:00+00:00,64.9,117.17563,15800.7375
2023-12-22 18:00:00+00:00,60.1,106.52737,15162.9625
2023-12-22 19:00:00+00:00,56.47,101.65137,14491.665
2023-12-22 20:00:00+00:00,45.03,101.206505,13813.78
2023-12-22 21:00:00+00:00,30.41,98.20244,13212.25
2023-12-22 22:00:00+00:00,12.0,97.77677,12408.7125
2023-12-22 23:00:00+00:00,10.0,84.567825,11855.17
2023-12-23 00:00:00+00:00,4.32,59.189182,11374.87
2023-12-23 01:00:00+00:00,0.13,54.077106,10996.1875
2023-12-23 02:00:00+00:00,0.03,54.96222,10829.1575
2023-12-23 03:00:00+00:00,0.0,52.38511,10759.97
2023-12-23 04:00:00+00:00,0.0,62.213314,10676.165
2023-12-23 05:00:00+00:00,0.1,77.45873,11103.3225
2023-12-23 06:00:00+00:00,7.43,89.04223,11904.5775
2023-12-23 07:00:00+00:00,20.0,91.419205,12757.4
2023-12-23 08:00:00+00:00,42.08,101.85197,13216.065
2023-12-23 09:00:00+00:00,41.64,101.57089,13341.7125
2023-12-23 10:00:00+00:00,45.9,100.63212,13520.43
2023-12-23 11:00:00+00:00,46.0,99.58986,13522.0125
2023-12-23 12:00:00+00:00,49.81,99.66181,13603.6625
2023-12-23 13:00:00+00:00,49.3,99.99154,13550.585
2023-12-23 14:00:00+00:00,49.51,99.78279,13564.9125
2023-12-23 15:00:00+00:00,54.28,100.05609,13916.52
2023-12-23 16:00:00+00:00,63.77,104.66339,14224.6125
2023-12-23 17:00:00+00:00,66.45,130.30554,14019.26
2023-12-23 18:00:00+00:00,57.99,113.67585,13605.785
2023-12-23 19:00:00+00:00,48.46,96.66513,13214.2125
2023-12-23 20:00:00+00:00,38.37,87.99971,12671.72
2023-12-23 21:00:00+00:00,20.32,91.80999,12119.6175
2023-12-23 22:00:00+00:00,7.77,88.12445,11563.7475
2023-12-23 23:00:00+00:00,0.08,78.31015,10812.8175
2023-12-24 00:00:00+00:00,-0.25,82.23257,10245.78
2023-12-24 01:00:00+00:00,-0.55,84.83079,10004.8475
2023-12-24 02:00:00+00:00,-1.24,83.81115,9927.2575
2023-12-24 03:00:00+00:00,-4.1,82.050995,9776.735
2023-12-24 04:00:00+00:00,-4.97,82.82039,9715.3525
2023-12-24 05:00:00+00:00,-4.22,84.11395,9903.165
2023-12-24 06:00:00+00:00,-2.91,72.44235,10449.425
2023-12-24 07:00:00+00:00,-1.62,77.63404,11204.6525
2023-12-24 08:00:00+00:00,0.0,86.729225,11635.495
2023-12-24 09:00:00+00:00,2.09,89.000565,11719.785
2023-12-24 10:00:00+00:00,0.06,88.22234,11614.39
2023-12-24 11:00:00+00:00,0.05,88.22234,11581.96
2023-12-24 12:00:00+00:00,0.06,87.58385,11681.995
2023-12-24 13:00:00+00:00,0.03,93.26508,11917.7525
2023-12-24 14:00:00+00:00,0.13,94.47675,12604.98
2023-12-24 15:00:00+00:00,1.0,97.49924,13439.095
2023-12-24 16:00:00+00:00,18.5,104.30541,14033.9775
2023-12-24 17:00:00+00:00,31.21,121.10073,13868.535
2023-12-24 18:00:00+00:00,34.8,110.01626,13474.9375
2023-12-24 19:00:00+00:00,10.0,95.46198,13126.0975
2023-12-24 20:00:00+00:00,2.01,86.40663,12629.65
2023-12-24 21:00:00+00:00,0.0,92.30506,11921.1425
2023-12-24 22:00:00+00:00,-0.1,85.67701,11243.1725
2023-12-24 23:00:00+00:00,-1.91,76.64906,10845.525
2023-12-25 00:00:00+00:00,-3.79,36.896976,10468.7325
2023-12-25 01:00:00+00:00,-6.65,39.27339,10217.315
2023-12-25 02:00:00+00:00,-10.03,37.262787,10042.65
2023-12-25 03:00:00+00:00,-10.0,37.251053,10062.75
2023-12-25 04:00:00+00:00,-6.5,43.548237,10453.0
2023-12-25 05:00:00+00:00,-7.59,70.04791,11602.83
2023-12-25 06:00:00+00:00,-1.5,92.67268,13403.7775
2023-12-25 07:00:00+00:00,0.08,99.9714,14864.9775
2023-12-25 08:00:00+00:00,10.05,107.360794,15544.0625
2023-12-25 09:00:00+00:00,25.0,95.33071,15400.97
2023-12-25 10:00:00+00:00,15.1,90.24834,14933.3075
2023-12-25 11:00:00+00:00,0.09,90.612274,14672.7425
2023-12-25 12:00:00+00:00,0.0,90.48576,14651.3525
2023-12-25 13:00:00+00:00,0.07,90.23506,14796.475
2023-12-25 14:00:00+00:00,5.0,89.98224,15198.7975
2023-12-25 15:00:00+00:00,34.99,89.79693,15566.8925
2023-12-25 16:00:00+00:00,52.5,96.043015,16044.255
2023-12-25 17:00:00+00:00,40.1,102.308784,15630.6525
2023-12-25 18:00:00+00:00,33.0,96.1906,15064.52
2023-12-25 19:00:00+00:00,12.01,93.99456,14280.95
2023-12-25 20:00:00+00:00,9.62,100.71298,13559.295
2023-12-25 21:00:00+00:00,5.0,88.303444,12678.1925
2023-12-25 22:00:00+00:00,0.08,62.963924,11884.375
2023-12-25 23:00:00+00:00,0.0,63.391796,11351.3025
2023-12-26 00:00:00+00:00,-0.02,24.899965,10962.03
2023-12-26 01:00:00+00:00,-0.14,21.075018,10755.645
2023-12-26 02:00:00+00:00,-2.83,26.837027,10609.735
2023-12-26 03:00:00+00:00,-3.8,28.256475,10584.545
2023-12-26 04:00:00+00:00,-1.85,34.586514,10943.7175
2023-12-26 05:00:00+00:00,0.0,69.533485,12010.6175
2023-12-26 06:00:00+00:00,1.62,77.422226,13552.88
2023-12-26 07:00:00+00:00,38.21,85.07392,14798.5325
2023-12-26 08:00:00+00:00,51.7,84.23984,15409.325
2023-12-26 09:00:00+00:00,48.88,81.70801,15346.41
2023-12-26 10:00:00+00:00,25.04,77.608696,15098.2925
2023-12-26 11:00:00+00:00,10.0,79.486176,15015.2475
2023-12-26 12:00:00+00:00,2.73,78.99573,14640.125
2023-12-26 13:00:00+00:00,40.1,79.10896,15470.08
2023-12-26 14:00:00+00:00,74.2,78.9158,15996.6975
2023-12-26 15:00:00+00:00,91.9,77.102745,16224.2725
2023-12-26 16:00:00+00:00,113.8,82.44759,16381.29
2023-12-26 17:00:00+00:00,130.0,88.82272,16028.9375
2023-12-26 18:00:00+00:00,129.0,83.502335,15656.3175
2023-12-26 19:00:00+00:00,113.9,82.84779,15199.9275
2023-12-26 20:00:00+00:00,83.1,90.54871,14554.5
2023-12-26 21:00:00+00:00,97.2,90.17565,13546.9075
2023-12-26 22:00:00+00:00,85.0,62.56535,12657.4325
2023-12-26 23:00:00+00:00,89.91,66.42401,12035.8375
2023-12-27 00:00:00+00:00,79.2,61.967846,11615.0625
2023-12-27 01:00:00+00:00,57.63,59.164326,11347.9425
2023-12-27 02:00:00+00:00,51.9,53.805058,11164.885
2023-12-27 03:00:00+00:00,50.03,54.97659,11187.9025
2023-12-27 04:00:00+00:00,55.71,69.844536,11555.075
2023-12-27 05:00:00+00:00,65.06,109.48055,12743.2375
2023-12-27 06:00:00+00:00,77.65,116.783455,14166.6275
2023-12-27 07:00:00+00:00,82.76,114.51085,15308.2275
2023-12-27 08:00:00+00:00,80.54,115.06639,15586.305
2023-12-27 09:00:00+00:00,74.89,111.876816,15435.5575
2023-12-27 10:00:00+00:00,74.71,107.893486,15177.6425
2023-12-27 11:00:00+00:00,73.79,109.00968,15045.8025
2023-12-27 12:00:00+00:00,72.0,109.74291,15117.7975
2023-12-27 13:00:00+00:00,73.7,107.88021,15468.105
2023-12-27 14:00:00+00:00,80.0,107.16576,15514.81
2023-12-27 15:00:00+00:00,79.16,107.52886,15812.205
2023-12-27 16:00:00+00:00,80.38,124.5246,16051.6575
2023-12-27 17:00:00+00:00,74.38,143.1214,15496.4225
2023-12-27 18:00:00+00:00,64.9,136.37048,14849.8675
2023-12-27 19:00:00+00:00,54.73,115.97135,14287.5175
2023-12-27 20:00:00+00:00,24.74,101.62791,13699.9225
2023-12-27 21:00:00+00:00,16.99,95.14653,13112.3375
2023-12-27 22:00:00+00:00,0.2,87.30013,12471.3025
2023-12-27 23:00:00+00:00,-0.02,78.55212,11795.6175
2023-12-28 00:00:00+00:00,-0.78,75.33308,11436.7725
2023-12-28 01:00:00+00:00,-1.43,68.00335,11143.5175
2023-12-28 02:00:00+00:00,-1.39,71.76581,11013.725
2023-12-28 03:00:00+00:00,-1.94,71.168465,11180.4925
2023-12-28 04:00:00+00:00,-1.04,87.86831,11553.6175
2023-12-28 05:00:00+00:00,-0.7,102.74585,12539.54
2023-12-28 06:00:00+00:00,16.06,110.131226,14031.0975
2023-12-28 07:00:00+00:00,38.2,112.0014,15274.5625
2023-12-28 08:00:00+00:00,38.79,112.5007,15793.24
2023-12-28 09:00:00+00:00,29.6,110.0971,15741.74
2023-12-28 10:00:00+00:00,34.89,106.10293,15328.7325
2023-12-28 11:00:00+00:00,11.65,106.21758,15187.29
2023-12-28 12:00:00+00:00,11.4,104.30331,15294.705
2023-12-28 13:00:00+00:00,26.37,106.20431,15268.005
2023-12-28 14:00:00+00:00,50.72,106.26115,15610.4775
2023-12-28 15:00:00+00:00,40.87,105.7736,16176.1125
2023-12-28 16:00:00+00:00,78.4,109.35944,16606.3975
2023-12-28 17:00:00+00:00,0.0,131.69992,16307.205
2023-12-28 18:00:00+00:00,65.02,119.78739,15745.2
2023-12-28 19:00:00+00:00,64.9,106.88407,15325.7175
2023-12-28 20:00:00+00:00,54.0,102.62184,14320.2125
2023-12-28 21:00:00+00:00,40.0,96.27619,13249.95
2023-12-28 22:00:00+00:00,2.0,94.10647,12478.545
2023-12-28 23:00:00+00:00,0.0,77.22555,11728.3575
2023-12-29 00:00:00+00:00,-0.08,54.95352,11320.4975
2023-12-29 01:00:00+00:00,-0.28,56.49576,11002.3775
2023-12-29 02:00:00+00:00,-1.51,54.49196,10779.9675
2023-12-29 03:00:00+00:00,-1.27,59.78848,10718.7075
2023-12-29 04:00:00+00:00,-0.28,63.74245,10950.045
2023-12-29 05:00:00+00:00,-0.07,95.54465,11987.0775
2023-12-29 06:00:00+00:00,0.1,108.74885,13760.98
2023-12-29 07:00:00+00:00,25.0,111.875374,14979.985
2023-12-29 08:00:00+00:00,59.0,112.58212,15386.18
2023-12-29 09:00:00+00:00,60.05,109.907745,15109.5575
2023-12-29 10:00:00+00:00,50.04,105.59587,14805.2825
2023-12-29 11:00:00+00:00,30.44,105.32644,14480.4
2023-12-29 12:00:00+00:00,17.13,105.19993,14393.83
2023-12-29 13:00:00+00:00,41.28,105.9098,14629.675
2023-12-29 14:00:00+00:00,60.0,105.26246,15091.3575
2023-12-29 15:00:00+00:00,73.7,105.054955,15216.78
2023-12-29 16:00:00+00:00,75.1,107.46304,15393.265
2023-12-29 17:00:00+00:00,69.53,136.8426,15118.995
2023-12-29 18:00:00+00:00,74.9,117.728775,14528.2025
2023-12-29 19:00:00+00:00,62.54,105.41378,13796.5925
2023-12-29 20:00:00+00:00,54.89,93.584625,13009.845
2023-12-29 21:00:00+00:00,36.04,94.05419,12380.8125
2023-12-29 22:00:00+00:00,19.35,88.91872,11897.9025
2023-12-29 23:00:00+00:00,32.49,78.698456,11472.005
2023-12-30 00:00:00+00:00,29.16,52.63973,10954.1075
2023-12-30 01:00:00+00:00,8.88,53.647957,10552.96
2023-12-30 02:00:00+00:00,5.61,43.75738,10485.3575
2023-12-30 03:00:00+00:00,5.74,54.967846,10406.97
2023-12-30 04:00:00+00:00,10.0,61.209915,10393.07
2023-12-30 05:00:00+00:00,32.17,75.89182,10614.17
2023-12-30 06:00:00+00:00,44.9,74.037865,11164.4075
2023-12-30 07:00:00+00:00,73.5,87.7179,11910.795
2023-12-30 08:00:00+00:00,0.0,96.6641,12554.3
2023-12-30 09:00:00+00:00,53.0,95.59606,12806.98
2023-12-30 10:00:00+00:00,55.0,96.51507,12920.5425
2023-12-30 11:00:00+00:00,36.38,96.89487,12938.6825
2023-12-30 12:00:00+00:00,33.25,96.89487,12898.0875
2023-12-30 13:00:00+00:00,42.04,97.0081,12916.935
2023-12-30 14:00:00+00:00,73.5,96.97859,13015.6
2023-12-30 15:00:00+00:00,70.62,97.544365,13173.5675
2023-12-30 16:00:00+00:00,79.51,101.126854,13391.205
2023-12-30 17:00:00+00:00,79.99,116.23014,13065.545
2023-12-30 18:00:00+00:00,71.09,94.17613,12561.8425
2023-12-30 19:00:00+00:00,62.01,92.75266,12303.3025
2023-12-30 20:00:00+00:00,52.78,83.676094,11870.9075
2023-12-30 21:00:00+00:00,50.1,87.12121,11471.805
2023-12-30 22:00:00+00:00,43.23,83.84554,11152.515
2023-12-30 23:00:00+00:00,34.91,87.814156,10793.2775
2023-12-31 00:00:00+00:00,12.56,58.2004,10461.635
2023-12-31 01:00:00+00:00,4.0,70.59861,10236.745
2023-12-31 02:00:00+00:00,0.31,73.88915,10087.2875
2023-12-31 03:00:00+00:00,0.13,74.938545,9978.1525
2023-12-31 04:00:00+00:00,0.38,75.2231,9959.1225
2023-12-31 05:00:00+00:00,-0.41,83.21066,10083.93
2023-12-31 06:00:00+00:00,-0.38,70.76245,10450.4925
2023-12-31 07:00:00+00:00,3.24,76.006454,11092.29
2023-12-31 08:00:00+00:00,9.36,86.66683,11695.3325
2023-12-31 09:00:00+00:00,14.0,87.706825,11766.405
2023-12-31 10:00:00+00:00,10.68,87.583466,11653.0175
2023-12-31 11:00:00+00:00,11.0,87.65964,11468.0325
2023-12-31 12:00:00+00:00,6.09,84.19729,11274.145
2023-12-31 13:00:00+00:00,8.54,84.242195,11302.5775
2023-12-31 14:00:00+00:00,13.24,87.7812,11756.8625
2023-12-31 15:00:00+00:00,28.07,96.60844,12275.455
2023-12-31 16:00:00+00:00,50.0,98.908646,12881.415
2023-12-31 17:00:00+00:00,45.0,97.92279,12809.32
2023-12-31 18:00:00+00:00,39.64,109.24785,12406.84
2023-12-31 19:00:00+00:00,34.89,88.59374,12096.2775
2023-12-31 20:00:00+00:00,13.3,79.82232,11699.6075
2023-12-31 21:00:00+00:00,10.68,86.616585,11366.1325
2023-12-31 22:00:00+00:00,3.17,86.14371,11020.5925
2023-12-31 23:00:00+00:00,0.1,89.504135,10662.1725
